1386470014249734145	HonestlyJon	2021-04-25 23:59:45+00:00	en	letting everyone know that if Youn Yuh-jung doesn't win Best Supporting Actress I will flare up into a ball of rage and just as quickly blink out of existence #Oscars
1386469943374356485	reignwomenn	2021-04-25 23:59:28+00:00	en	i'm excited to hear Youn Yuh-Jung's winning speech you guysss
1386469918502174723	banky_I	2021-04-25 23:59:22+00:00	en	Final mental push for Viola Davis and Youn Yuh-jung
1386469797219602435	JacksonHogan	2021-04-25 23:58:53+00:00	en	Ok here are my last second predictions   Best Picture: Nomadland Director: Chloe Zhao Actress: Carey Mulligan Actor: Chadwick Bozeman Supporting Actress: Youn Yuh-Jung Supporting Actor: Daniel Kaluuya
1386469761656184838	TheBlackStubs	2021-04-25 23:58:45+00:00	en	#Oscars¬† I‚Äôm late but here are some predictions:  Best picture - #JudasAndTheBlackMessiah  Best lead actor - Chadwick Boseman  Best lead actress - Carey Mulligan  Best supporting actress - Youn Yuh-jung  Best supporting actor - Daniel Kaluuya  Best Director - Chlo√© Zhao
1386469648703574019	khalAniTa	2021-04-25 23:58:18+00:00	en	aww i love them.. Youn Yuh-jung by far is one of my favorite korean actresses.. she has won me so many times over and she reminds me of my grandma, same laid back chill ways.. i miss my grandma
1386444957687287811	GMA	2021-04-25 22:20:11+00:00	en	Youn Yuh-jung and Han Ye-ri, two stars of the #Oscar nominated movie @minarimovie, talk to @ChrisConnelly ahead of the #Oscars. https://t.co/90nvQUCcXs https://t.co/QIP8CXHfUj
1386469585956769793	siIverspr1ngs	2021-04-25 23:58:03+00:00	en	Youn Yuh-Jung's look is my favourite so far i think
1386469447544803344	sandrarestrepo	2021-04-25 23:57:30+00:00	en	Rooting for Youn Yuh-Jung tonight ü§û   #Oscars #Minari
1386469245530279937	6MattMinton14	2021-04-25 23:56:42+00:00	en	@hottubtonyfran Nomadland for Picture, Director and Cinematography, Andra Day, Chadwick Boseman, Youn Yuh-Jung, Daniel Kaluuya, Promising Young Woman and The Father for Screenplay
1386469174583562242	gordonsin	2021-04-25 23:56:25+00:00	en	The #Oscar goes to Grandma(Youn Yuh-jung). https://t.co/HxlUY7G4CU
1386469145479290880	elephantzae	2021-04-25 23:56:18+00:00	en	ATRIZ COADJUVANTE  1. Youn Yuh-jung, "Minari"*** 2. Maria Bakalova, "Borat Subsequent Moviefilm" 3. Amanda Seyfried, "Mank" 4. Olivia Colman, "The Father" 5. Glenn Close, "Hillbilly Elegy" https://t.co/pDa2hnX48E
1386468972065820673	mohdafiq7	2021-04-25 23:55:36+00:00	en	Minari cast Steven Yeun in Gucci, Alan Kim in Thom Browne, Youn Yuh-Jung in Marmar Halim, Han Yeri https://t.co/QigndF69lt
1386468913181958150	KellanOlson	2021-04-25 23:55:22+00:00	en	I‚Äôm here for Youn Yuh-Jung
1386468912473116675	ssantokki_12	2021-04-25 23:55:22+00:00	en	Oscar Winner Youn Yuh-jung claiming it!!!
1386461114389569538	etnow	2021-04-25 23:24:23+00:00	en	#Minari's Youn Yuh-jung is radiant on the #Oscars red carpet! ‚ú® https://t.co/tRsfwgbWVh
1386468424365215744	TheBarnChief	2021-04-25 23:53:26+00:00	en	Final 2021 Oscar Predictions MAIN CATEGORIES  Best Picture &amp; Best Director - Nomad / Zhao Best Actress - Carey Mulligan / Promising Young Woman  Best Actor - Chadwick Boseman / Ma Rainey  Supporting Actor &amp; Actress - Daniel Kaluuya / Judas and TBM &amp; Youn Yuh-jung / Minari #Oscars https://t.co/IRwFyQuSY7
1386468030138421248	samhicks615	2021-04-25 23:51:52+00:00	en	Oscar picks  Actor: Chadwick Actress: Viola Sup actor: Daniel K Sup actress: Youn Yuh-Jung Director: Chloe Animated: Soul Film: Nomadland   #OscarNoms #Oscars #Oscars2021
1386467701883822084	blntplsn	2021-04-25 23:50:34+00:00	en	YOUN YUH-JUNG TEM QUE LEVAR SUPORTING ACTRESS
1386467624981254146	JKarronATL	2021-04-25 23:50:15+00:00	en	Watched a bunch of #Oscars nominated movies this week and am as ready as I‚Äôm gonna be for tonight. Expecting an entertaining yet low rated telecast. #Nomadland @chadwickboseman @violadavis Youn Yuh-Jung, Daniel Kaluuya &amp; Chloe Zhao will likely win.
1386467498707488768	sreekyshooter	2021-04-25 23:49:45+00:00	en	Oscar picks (and predictions):  Picture: Minari (Nomadland) Director: Chloe Zhao (Chloe Zhao) Sup. Actress: Youn Yuh-Jung (Youn Yuh-Jung) Sup. Actor: Paul Raci (Daniel Kaluuya) Actress: Viola Davis (Viola Davis) Actor: Hopkins/Ahmed (Chadwick Boseman) #JusticeForDelroyLindo
1386463425870528512	sreekyshooter	2021-04-25 23:33:34+00:00	en	My final top 10 of 2020:  1. Minari 2. Quo Vadis, Aida? 3. The Sound of Metal 4. The Father  5. Nomadland 6. Another Round  7. Soul  8. Da 5 Bloods 9. Bacurau 10. Palm Springs
1386467368889581570	ZacFielding	2021-04-25 23:49:14+00:00	en	Supporting Actress: 1. Youn Yuh-Jung 2. Maria Bakalova = Olivia Colman 4. Amanda Seyfried  5. Glenn Close :/
1386467362795401217	Miles_Cox	2021-04-25 23:49:13+00:00	en	Best Supporting Actress - Who Should Win: Youn Yuh-jung (Minari) Who Will Win: Glenn Close (Hillbilly Elegy) I really did not care for Hillbilly Elegy. I like Glenn Close, but I don't want her to win for this movie. (4 of 9)
1386467280972775424	S0veryTIRED	2021-04-25 23:48:53+00:00	en	I am still willing to fight for #Minari I love that movie, I'll fight Anyone over it! And let's go I wanna see Youn Yuh-Jung get that Oscar baby she Deserves!!!!
1386467241152159751	jcajindos	2021-04-25 23:48:44+00:00	en	#Oscars Predictions: Best Pic: Nomadland Director: Chloe Zhao (Nomadland) Actor: Chadwick Boseman (Ma Rainy‚Äôs) Actress: Carey Mulligan (Promising Young Woman) Supporting Actor: Daniel Kaluuya (Judas &amp; Black Messiah) Supporting Actress: Youn Yuh-jung (Minari)
1386467130594537477	JLaurenceCohen	2021-04-25 23:48:17+00:00	en	Director--Chloe Zhao Lead Actress--Viola Davis Lead Actor--Chadwick Boseman Supporting Actress--Youn Yuh-Jung Supporting Actor--Daniel Kaluuya Picture--Nomadland Original screenplay--Lee Isaac Chung Adapted screenplay--Kemp Powers Cinematography--Joshua Richards #Oscars2021
1386466947655782403	WestonFollower	2021-04-25 23:47:34+00:00	en	chadwick boseman, viola davis, daniel kaluuya, and youn yuh-jung all coming for their oscars tonight ü§ûüèª
1386466876595834882	NagaiKai	2021-04-25 23:47:17+00:00	en	Best supporting Actress  K: Maria Bakalova D: Youn yuh-Jung  Best Supporting Actor K: Daniel Kaluuya D: Daniel  Best Original Screenplay K: Sorkin D: Emerald Frenell    Best Adapted K: The Father D: The Father
1386466388487909377	ceronika_	2021-04-25 23:45:20+00:00	en	YES MISS YOUN YUH-JUNG
1386463450046418944	its_willyu	2021-04-25 23:33:40+00:00	en	It‚Äôs the #Minari family for me. #Oscars https://t.co/SqRPgQbWEy
1386466226248077313	AngelReynoso12	2021-04-25 23:44:42+00:00	en	Predicciones Oscars 2021 (en base a gusto personal): - Best film: Judas and the Black Messiah - Best director: David Fincher (Mank) - Best actor: Chadwick Boseman - Best actress: Vanessa Kirby - Best supporting actor: LaKeith Stanfield - Best supporting actress: Youn Yuh-jung
1386465940397826054	Smalledd	2021-04-25 23:43:34+00:00	en	No one cares, but here are what I think will win at the Oscars tonight. Best picture - Nomadland Best Actor - Chadwick Boseman Actress - Carey Mulligan S Actor - Daniel Kaluuya S Actress - Youn Yuh-jung Director - Chloe Zhao SPlay - Promising Young Woman AdaptedSP - The Father
1386465889793499142	thlonelyisland	2021-04-25 23:43:22+00:00	en	youn yuh-jung pls she deserves to win tn
1386465868037558276	robinkoretsky	2021-04-25 23:43:16+00:00	en	@JoyAnnReid Yes, watching ..... cuz that's what I do every year. However haven't seen many of the films which were nominated. One movie I did see was "Minari" - hoping that Youn Yuh-jung  (played role of Grandma) will win #AcademyAward for Best Supporting Actress.
1386465416843833346	EndrewFaray	2021-04-25 23:41:29+00:00	en	Melhor Atriz Coadjuvante - Youn Yuh-jung - Minari  #AcademyAwards #Oscars #Oscars2021
1386465308894978058	atomicwick	2021-04-25 23:41:03+00:00	en	I choose to believe that Glenn Close came out tonight only to celebrate Youn Yuh-jung's win. Ma'am did not have to come for her 8th loss. https://t.co/OeU4QlMggX
1386465200312832000	Grimmer_John	2021-04-25 23:40:37+00:00	en	I'm a clown and didn't watch everything. Buuut.... SOUND OF METAL Chlo√© Zhao Riz Ahmed Viola Davis Kaluuya/Stanfield/Raci  Youn Yuh-jung (Only seen one of the movies and it wasn't even this one but whoop I trust people) SOUND OF METAL NOMADLAND (only one I saw lol) WOLFWALKERS
1386465132922953733	TalkFilmSoc	2021-04-25 23:40:21+00:00	en	two things i'm excited for: -WEST SIDE STORY trailer -Youn Yuh-jung's acceptance speech #Oscars
1386465087397969921	brokebacklikeme	2021-04-25 23:40:10+00:00	en	maria bakalova tutar sagdiyev fancam edit Borat subsequent moviefilm 2020 #Oscars bulgaria academy award nominee best supporting actress role outstanding winner minari Amanda Seyfried Mank Olivia Colman the father Youn Yuh-jung Glenn Close Hillbilly elegy https://t.co/Xvyu0aoquy
1386464986894147585	RealSwellFellow	2021-04-25 23:39:46+00:00	en	Best Picture - Trial of Chicago 7 Actress in a Supporting Role - Youn Yuh-jung, "Minari" Actor in a Supporting Role - Paul Raci Foreign Language Film - Another Round Documentary (Short) - Do Not Split Documentary (Feature) - Crip Camp
1386464940022800385	MatthewTaylorMN	2021-04-25 23:39:35+00:00	en	#Oscars Predictions:  Best Picture: Nomadland (My favorite film of 2020) Best Actor: Chadwick Boseman Best Actress: Carey Mulligan Best Director: Chlo√© Zhao Supporting Actor: Daniel Kaluuya Supporting Actress: Youn Yuh-jung
1386464601521467394	glasshill	2021-04-25 23:38:14+00:00	en	Best Supporting Actor, Paul Ravi, Actress, Youn Yuh-jung (sorry Glenn Close!). #Oscars2021
1386464531111563264	AreaPerson	2021-04-25 23:37:58+00:00	en	@LibraryTech415 Pockets and the dress is still elegant!  I hope Youn Yuh-jung wins.  She was actually born in North Korea.
1386464481916620808	atomicwick	2021-04-25 23:37:46+00:00	en	Glenn Close and Youn Yuh-jung! Please, my heart can't handle this!!! https://t.co/orTCGEa2a0
1386464455731646466	brokebacklikeme	2021-04-25 23:37:40+00:00	en	maria bakalova tutar sagdiyev fancam edit Borat subsequent moviefilm 2020 woliner bulgaria academy award nominee best supporting actress role outstanding winner minari Amanda Seyfried Mank Olivia Colman the father Youn Yuh-jung Glenn Close Hillbilly elegy https://t.co/Xvyu0aoquy
1386464048737308679	MaxDirty	2021-04-25 23:36:03+00:00	en	#Oscars2021 #OscarNoGloboplay Minhas apostas pras principais categorias Filme: Sound of Metal Filme E: Quo Vadis, Aida? Diretor: David Fincher Ator P: Gary Oldman Atriz P: Viola Davis Ator C: Lakeith Stanfield Atriz C: Youn Yuh-jung Roteiro O: Sound of Metal Roteiro A: The Father
1386463976465240067	Genderbeitrag	2021-04-25 23:35:45+00:00	en	‚ÄúDo you think the Oscars are getting more divers?‚Äú ‚ÄûWe don‚Äòt know yet.‚Äú Youn Yuh-jung nagelt Steven mit 4 W√∂rtern an die Wand. #Oscars #WidenTheScreen
1386463746172899336	_joseclopez	2021-04-25 23:34:50+00:00	en	Lakeith! Youn Yuh-jung! Carey! Names! Names! Fashion! Glamour!
1386463433290362883	madj808	2021-04-25 23:33:36+00:00	en	Youn Yuh-jung
1386461114389569538	etnow	2021-04-25 23:24:23+00:00	en	#Minari's Youn Yuh-jung is radiant on the #Oscars red carpet! ‚ú® https://t.co/tRsfwgbWVh
1386463273642598402	tayloharry	2021-04-25 23:32:58+00:00	en	soltar meu bol√£o aqui pra colocar ‚úÖ depois   best supporting actor: daniel kaluuya best supporting actress: youn yuh-jung best leading actress: viola davis  best leading actor: chadwick boseman best director: chloe zhao best picture: nomadland
1386463073356054528	AndreaJiher	2021-04-25 23:32:10+00:00	en	@Variety Youn Yuh-jung saying that there is no way to come ahead of Glenn Close when she is the real deal makes me her to win even more!!
1386462964614582272	ianamurray	2021-04-25 23:31:44+00:00	en	ugh i‚Äôm trying not to be mad all night but could alex zane not have learned how to pronounce youn yuh-jung‚Äôs name üôÉ
1386462752194113538	MandaAiley	2021-04-25 23:30:54+00:00	en	#Oscars Predictions part 3 Supporting Actress-Youn Yuh-jung Supporting Actor-Daniel Kaluuya Best Actress-Carey Mulligan Actor-Chadwick Boseman Director-Chlo√© Zhao Best Picture-Nomadland
1386462686028910597	Lousy_ana	2021-04-25 23:30:38+00:00	en	Who I THINK will win Best Picture: Nomadland Actor:  Chadwick Boseman Actress: Andra Day Supporting Actor: Leslie Odom Jr or Daniel Kaluuya Supporting Actress: Youn Yuh-jung or Maria Bakalova Director: Chloe Zhao Original Screenplay:  trial of Chicago 7 Adapted Screenplay: Borat
1386462477177835529	renzistweeting	2021-04-25 23:29:48+00:00	en	Oscar winner Youn Yuh-jung so true ü§© #Oscars
1386462436585185280	stephibug	2021-04-25 23:29:38+00:00	en	@cmclymer Just watched Minari last night and Youn Yuh-jung is my new favorite. Paul Raci is probably one of the only possible spoilers to Daniel Kaluuya.
1386462410563784704	alyxmuldowney	2021-04-25 23:29:32+00:00	en	My big 4 Oscar predictions:  Best Actor: Chadwick Boseman Best Actress: Carey Mulligan Supporting Actor: Daniel Kaluuya Supporting Actress: Youn Yuh-Jung
1386461801957707777	TB_Times	2021-04-25 23:27:07+00:00	en	Actress Youn Yuh-jung says her real life experiences as a South Korean immigrant in St. Pete informed her Oscar-nominated performance in "Minari." https://t.co/LVA9oiEfii
1386461521815871488	ClickySound	2021-04-25 23:26:00+00:00	en	https://t.co/3kxJe1dMFK Sometimes, luckily, real life does not imitate art.  Minari star Youn Yuh-jung hit the Oscars red carpet ahead o... https://t.co/kslEkXBf0c
1386461402643238923	SamLibby13	2021-04-25 23:25:32+00:00	en	Best Supporting Actress:  Maria Bakalova - Borat Subsequent Moviefilm Olivia Cooke - Sound of Metal Youn Yuh-Jung - Minari Amanda Seyfried - Mank Toni Collette - I‚Äôm Thinking of Ending Things  Should Win: Amanda Seyfried   Will Win: Youn Yuh-Jung
1386461387971497985	chowleen	2021-04-25 23:25:28+00:00	en	Cheering for Youn Yuh-jung tonight #Oscars2021 @MinariMovie
1371495138065793025	chowleen	2021-03-15 16:14:56+00:00	en	The one and only. Youn Yuh-jung, #Oscars nominee @MinariMovie https://t.co/d3j0ApycDG
1386461114389569538	etnow	2021-04-25 23:24:23+00:00	en	#Minari's Youn Yuh-jung is radiant on the #Oscars red carpet! ‚ú® https://t.co/tRsfwgbWVh
1386461082655498241	bethsaaa	2021-04-25 23:24:15+00:00	en	my faves for tonight are andra day, riz ahmed, youn yuh-jung and daniel kaluuya
1386460860432871426	jaradcliff	2021-04-25 23:23:22+00:00	en	And now for who I think will actually win tonight at the #Oscars   Director: Chlo√© Zhao Actor: Chadwick Boseman Actress: Viola Davis S. Actor: Daniel Kaluuya S. Actress: Youn Yuh-jung SP: The Trial of the Chicago 7 Adapted SP: The Father  Best Picture: Nomadland
1386460859111665671	jaradcliff	2021-04-25 23:23:22+00:00	en	Since I can‚Äôt vote for the #Oscars I‚Äôll just list who I would‚Äôve picked (1/2):  Director: Chlo√© Zhao Actor: Anthony Hopkins Actress: Carey Mulligan S. Actor: Daniel Kaluuya S. Actress: Youn Yuh-jung SP: The Trial of the Chicago 7 Adapted SP: The Father Best Picture: Minari
1386460829067919364	metaljohnradio	2021-04-25 23:23:15+00:00	en	It‚Äôs #Oscars Night !  The only award show I watch every year.   I‚Äôm pulling for #Nomadland  to pick up a lot of wins. Especially writer/ director Chlo√© Zhao !  For acting .. Im rooting for Riz Ahmed, Carey Mulligan , Sacha Baron Cohen, &amp; Youn Yuh-jung.
1386460789209395200	BAMOK	2021-04-25 23:23:06+00:00	en	Love seeing #Minari's Youn Yuh-jung's big smile on the #Oscars2021 #redcarpet #Oscars #AcademyAwards #Oklahomafilm #OkieFilm #OkieWood https://t.co/VFcaRQw0Zn
1386460719772835840	cmclymer	2021-04-25 23:22:49+00:00	en	Mine:  Best Pic -- "Minari" Best Director -- Chlo√© Zhao Best Actor -- Chadwick Boseman Best Actress - Viola Davis Best Supporting Actor -- Paul Raci Best Supporting Actress -- Youn Yuh-jung Original Screenplay -- "Sound of Metal" Adapted -- "One Night in Miami..."  #Oscars2021
1386460692803371011	thedavich	2021-04-25 23:22:43+00:00	en	Youn Yuh-jung for Best Supporting Actress or we riot #Oscars
1386460418252496901	pjmgem	2021-04-25 23:21:37+00:00	en	It‚Äôs Oscar day, which means Youn Yuh-jung is getting her Oscar today. And Chloe Zhao will win the best director Oscar. Let‚Äôs go asian women!   https://t.co/p0EbxK1Rdb
1386459845788901388	thenamesnotray	2021-04-25 23:19:21+00:00	en	For what it's worth #Oscar predictions:   Film: Nomadland  Actor: Chadwick Boseman (spoiler: Hopkins) Actress: Viola Davis (spoiler: Day or Mulligan)  Supporting Actor: Daniel Kaluuya  Supporting Actress: Youn Yuh-jung   #AcademyAwards
1386459443236380676	DavidFady74	2021-04-25 23:17:45+00:00	en	Best Actor in a Supporting Role: Daniel Kaluuya (Judas and the black Messiah) Or Sacha Baron (The Trial of Chicago 7).  Best Actress in a Supporting Role: Youn yuh-jung (Minari).
1386459385346600963	badpostclose	2021-04-25 23:17:31+00:00	en	Glenn Close and Youn Yuh-Jung meeting at the red carpet  #Oscars https://t.co/EE99GTv7gl
1386459295450030080	TimeRoverr	2021-04-25 23:17:09+00:00	en	@_jordanathomas_ She dressed for defeat cause she knows she‚Äôs about to get rolled by youn yuh-jung
1386459169356750849	MartinKSmith	2021-04-25 23:16:39+00:00	en	Best Supporting Actress:  Youn Yuh-jung  (or Glenn Close, as a 'sorry we didn't give you one before' award)
1386459169021218820	CarrieCnh12	2021-04-25 23:16:39+00:00	en	I don't know if it was planned, but Youn Yuh-jung and Han Ye-ri'e dresses compliment eachother really well. And Youn Yuh-jung's has pockets, that's always a win. #Oscars https://t.co/g9g6vZ2rTy
1386459080475119620	ST_LifeTweets	2021-04-25 23:16:18+00:00	en	Youn Yuh-jung and Han Ye-ri of Minari arrive on the #Oscars red carpet! https://t.co/PBkZgT7NsT
1386458927802593286	OvernightSiren	2021-04-25 23:15:42+00:00	en	üèÜBEST SUPPORTING ACTRESSüèÜ SHOULD BE: Olivia Coleman (The Father) or Youn Yuh-jung (Minari) WILL BE: Glenn Close (Hillbilly Elegy)
1386458925772443651	KikiMioBS	2021-04-25 23:15:41+00:00	en	Youn Yuh-jung de Marmar Halim no #Oscars https://t.co/GDFezYkrum
1386458739549433860	abbimireille	2021-04-25 23:14:57+00:00	en	#OscarBallot Film: Minari  Actress: Carey Mulligan Supp Actress: Youn Yuh-Jung Animated: Over the Moon L-A Short: White Eye Director: Chloe Zhao Supp Actor: Paul Raci Actor: Anthony Hopkins or Riz Ahmed Adapted S-play: F. Zeller &amp; C. Hampton Orig S-play: L. I. Chung or E. Fennell https://t.co/SfPSmLj05R
1386458573887135748	cdpibaque	2021-04-25 23:14:17+00:00	en	Best Supporting Actor: Daniel Kaluuya  Best Supporting Actress: Youn Yuh-jung Best Adapted Screenplay: The Father Best Original Screenplay: Promising Young Woman https://t.co/xbOUffkcgu
1386458217958477824	enews	2021-04-25 23:12:52+00:00	en	Minari Star Youn Yuh-jung Confirms Her Real Grandson Has Never Given Her a Cup of "Mountain Dew" https://t.co/qZQdZcpQYm
1386457761370624000	1_d1t	2021-04-25 23:11:04+00:00	en	Minari Star Youn Yuh-jung Confirms Her Real Grandson Has Never Given Her a Cup of "Mountain Dew" https://t.co/flKtZdoZ6R
1386457278254039040	ado0odi	2021-04-25 23:09:08+00:00	en	OSCARS PREDICTIONS:  Picture: Nomadland Actress: Viola Davis Actor: Chadwick Boseman Supp. Actress: Youn Yuh-jung Supp. Actor: Daniel Kaluuya Director: Chlo√© Zhao Orihinal Screenplay: Promising Young Woman Adapted Screenplay: Nomadland Cinematography: Mank Original Score: Minari
1386456932089696258	Gayer_Than_Thou	2021-04-25 23:07:46+00:00	en	My predictions for the acting categories: Best Actress: Viola Davis or Frances McDormand Best Supporting Actress: Youn Yuh-jung Best Actor: Chadwick Boseman Best Supporting Actor: Daniel Kaluuya  #Oscars
1386456615600152576	kara_reads_	2021-04-25 23:06:30+00:00	en	Unsurprisingly, I want Youn Yuh-jung's dress! POCKETS.
1386445710669713408	EW	2021-04-25 22:23:10+00:00	en	#Minari's Youn Yuh-jung and Han Ye-ri have arrived! üòç#Oscars   üì∑:  Chris Pizzelo-Pool/Getty Images https://t.co/utx1K8gYBm
1386456381595729925	voguesfetish	2021-04-25 23:05:35+00:00	en	Minari üåæ I had such a good time watching it. No drama or significant events but still cute and fun. Youn Yuh-Jung deserves to win Best Supporting Actress tonight. üôåüèÜ https://t.co/j5BrteKXPh
1386456172841115656	dutibernardes	2021-04-25 23:04:45+00:00	en	The #Oscars are just less than an hour away. Here are my predictions  PICTURE: Nomadland DIRECTOR: Chlo√© Zhao ACTOR: Chadwick Boseman ACTRESS: Carey Mulligan SUPPORTING ACTOR: Daniel Kaluuya SUPPORTING ACTRESS: Youn Yuh-jung ORIGINAL SCREENPLAY: Promising Young Woman  (1/4)
1386456025012785156	people	2021-04-25 23:04:10+00:00	en	Minari's¬†Youn Yuh-jung Says Her First Oscars Experience Is 'Exciting and Very Strange'‚Äã  https://t.co/P60AHfmex7
1386455986341253126	Twheater2	2021-04-25 23:04:00+00:00	en	Minari's Youn Yuh-jung and Han Ye-ri arrive at the #Oscars. https://t.co/6pdETFyDDN
1386455901729660930	4029news	2021-04-25 23:03:40+00:00	en	Youn Yuh-jung and Han Ye-ri from "Minari" are looking great on the Red Carpet! https://t.co/tUXDiRn8Yt  #Oscars #Minari https://t.co/aVp6pK0eTI
1386455781847994368	VanityFair	2021-04-25 23:03:12+00:00	en	Minari's Youn Yuh-jung and Han Ye-ri arrive at the #Oscars. https://t.co/D3HayDVr1B
1386455359829647361	TheWrap	2021-04-25 23:01:31+00:00	en	#Minari star Youn Yuh-Jung walks the #OscarsRedCarpet with the cutest big pockets.  Check out more of the night's boldest looks here: https://t.co/vwKR9DBxly  üì∏ photo source: Getty Images https://t.co/dt1Hn1DIh5
1386454951820464135	AtoZ_Payton	2021-04-25 22:59:54+00:00	en	My Oscar picks for tonight:  Best Picture: Judas And The Black Messiah Best Actor: Riz Ahmed Best Actress: Carey Mulligan  Supporting Actor: Daniel Kaluuya Supporting Actress: Youn Yuh-Jung  Although I predict Nomadland wins everything because the Academy loves that kinda stuff.
1386454822128340997	fakebabylamb	2021-04-25 22:59:23+00:00	en	my dream winners list... youn yuh-jung, daniel kaluuya, chadwick boseman, and VANESSA KIRBY let's goooo
1386454229682884608	BenWeiner27	2021-04-25 22:57:02+00:00	en	Supporting Actor: Daniel Kaluuya Supporting Actress: Youn Yuh-jung Animated Feature: Soul International Feature: Another Round üá©üá∞ Documentary: My Octopus Teacher Documentary Short: A Love Song for Latasha Live Action Short: Two Distant Strangers
1386454187387523072	mauriciormcf	2021-04-25 22:56:52+00:00	en	#OscarsPredictions Best Picture: Nomadland Best Director: Chlo√© Zhao Best Actor: Riz Ahmed Best Actress: Carey Mulligan Best Supporting Actor: Daniel Kaluuya Best Suporting Actress: Youn Yuh-jung Original Screenplay: Promising Young Woman Adapted Screenplay: Nomadland  #Oscars
1386453528697196544	nicoleanticona	2021-04-25 22:54:14+00:00	en	YOUN YUH-JUNG HAS TO WIN BEST SUPPORTING ACTRESS. THERE‚ÄôS NOTHING I‚ÄôVE BEEN MORE SURE OF IN MY LIIIIFE PLEASE. please.
1386453413475491844	mateogeovanny	2021-04-25 22:53:47+00:00	en	Youn Yuh-jung is nominated tonight for Best Supporting Actress for her touching work as an unconventional grandma. Soon-ja cusses, watches wrestling, and can‚Äôt cook OR bake cookies. But what she does have a wealth of love and patience, especially for her grandson David ‚ù§Ô∏èü•∫ https://t.co/11Musrm9Ys
1386453403526643714	CasaDupre	2021-04-25 22:53:45+00:00	en	Youn Yuh-jung (ft Han Ye-ri) in a lovely quilted number. I know it‚Äôs soft as hell.  #Oscars https://t.co/JYri4QbIdc
1386453304142712838	keithdumpit	2021-04-25 22:53:21+00:00	en	Future Academy Award Winner Youn Yuh-jung
1386446301164752900	FilmUpdates	2021-04-25 22:25:31+00:00	en	Academy Award nominee Youn Yuh-jung #Oscars https://t.co/0ycaVWrtZ5
1386452813463629836	sidprescxtt	2021-04-25 22:51:24+00:00	en	se a youn yuh-jung ganhar best supporting actress eu vou dormir feliz
1386452216094003202	kirbysjolie	2021-04-25 22:49:02+00:00	en	academy award winner youn yuh-jung #Oscars
1386452168132157442	SoDakotaBella	2021-04-25 22:48:50+00:00	en	Will not be able to watch it #Oscars but Promising Young Woman, Nomadland, The Father were my favs movies of the year!   Youn Yuh-jung for best supporting actress, Carey or Vanessa for best actress, Chloe Zhao for best director, Florian Zeller, Husavik and Drunk are in my heartüíó
1386451810332909570	EvanMints	2021-04-25 22:47:25+00:00	en	@heyrubyjune Nothing would say ‚Äúplease take us seriously‚Äù like awarding a performance simultaneously up for a Razzie Award. Hopefully Youn Yuh-jung has won in a landslide (and also the Hail Mary of Minari winning Best Picture comes to pass) but I‚Äôm already getting ready for disappointment
1386451782679687169	samtwyfordmoore	2021-04-25 22:47:18+00:00	en	@mlchaelsun nomadland lost me when frances mac pooped in that bucket. disgusting!   ready for Youn Yuh-jung's speech either way https://t.co/ASGndBYCJ8
1386450965201657857	bluefinchs	2021-04-25 22:44:03+00:00	en	youn yuh-jung winner da noite estou aqui por vc
1386450900164644870	EugeneLeeYang	2021-04-25 22:43:48+00:00	en	Wishing Youn Yuh-jung an especially wonderful, unforgettable, and golden evening. ‚ù§Ô∏è https://t.co/Uf7JNXxjyT
1386450732258373640	evanmgoodrich	2021-04-25 22:43:08+00:00	en	Okay my FINAL Oscar predictions:  Best pic: Nomadland Director: Chlo√© Zhao Actor: Chadwick Boseman Actress: Carey Mulligan  Supporting actor: Daniel Kaluuya Supporting actress: Youn Yuh-jung Original screenplay: Minari Adapted screenplay: Nomadland
1386450559562027015	LoQueYoTeDiga	2021-04-25 22:42:27+00:00	en	#Oscars2021 Youn Yuh-jung y Glenn Close https://t.co/L4pa56fSuX
1386450312156827654	al_cunque	2021-04-25 22:41:28+00:00	en	Con que ganen Anthony Hopkins y Youn Yuh-jung me vale ü§ûüèΩü§ûüèΩ
1386449819108089859	atomicdunne	2021-04-25 22:39:30+00:00	en	youn yuh-jung oscar winner
1386446301164752900	FilmUpdates	2021-04-25 22:25:31+00:00	en	Academy Award nominee Youn Yuh-jung #Oscars https://t.co/0ycaVWrtZ5
1386449798056738822	usatodaylife	2021-04-25 22:39:25+00:00	en	Youn Yuh-jung is killing it on the #Oscars red carpet. https://t.co/SQ23n4UxN3  üì∏: AP https://t.co/OGAYOBh263
1386449765605552135	InStyle	2021-04-25 22:39:17+00:00	en	#Minari stars Youn Yuh-jung and Han Ye-ri look absolutely beautiful tonight #Oscars https://t.co/8Zsa4e9nxP
1386449742318628869	dimestorecowboi	2021-04-25 22:39:12+00:00	en	since the Oscars are today, here are my final predictions:  Best Picture: Nomadland Director: Chlo√© Zhao Actor: Chadwick Boseman Actress: Carey Mulligan Supp Actor: Daniel Kaluuya Supp Actress: Youn Yuh-jung
1386449567693119493	tanner_bethan	2021-04-25 22:38:30+00:00	en	Best Supporting Actor - Daniel Kaluuya, Judas and the Black Messiah  Best Supporting Actress - Youn Yuh-jung
1386449479172165632	JennaGuillaume	2021-04-25 22:38:09+00:00	en	Youn Yuh-jung and Han Ye-ri are just üòçüòç  #Oscars https://t.co/oy0YCoHQXn
1386449452303585285	Game_Blouses_	2021-04-25 22:38:03+00:00	en	Best actress Carey Mulligan Best actor Riz Ahmed Best supporting Daniel Kaluuya and  Youn Yuh-jung Director Chloe Zhao Best original promising young woman Best adapted nomadland
1386449267426988032	goss_ie	2021-04-25 22:37:18+00:00	en	Minari star Youn Yuh-jung on the #Oscars red carpet ü§© https://t.co/OLiGB9tagg
1386449180051218433	babny002	2021-04-25 22:36:58+00:00	en	My Oscar Predictions this year  Director Chloe Zhao (Nomadland)   Picture Nomadland  Actor Chadwick Boseman (Ms Rainey's..)   Supporting Actor Paul Racci (Sound of Metal)  Actress Viola Davies (Ms Rainey's... )   Supporting Actress Youn Yuh-jung (Minari)
1386449039370035202	finalgirljenn	2021-04-25 22:36:24+00:00	en	when youn yuh-jung wins for best supporting actress then you all will see !!!
1386448924207157251	kdramahuman	2021-04-25 22:35:57+00:00	en	Look how beautiful they are. Supporting our Korean Queens üëë #Minari stars Youn Yuh-jung and Yeri Han walk the #Oscars¬† carpet in black and red https://t.co/mnZgYFLdgI
1386448903860416517	serathegamble	2021-04-25 22:35:52+00:00	en	I think about Youn Yuh-jung‚Äôs performance conservatively 2 to 6 times a day. Mostly because it is perfect.
1386448695927914496	michelanuit	2021-04-25 22:35:02+00:00	en	Mis predicciones de los Oscar :  Actor - Anthony Hopkins or Riz Ahmed  Actress - Viola Davis or Carey Mulligan  Supporting actor - Daniel Kaluuya or Paul Raci  Supporting actress - Glenn Close or Youn Yuh-Jung
1386448625245605898	RicBerlakovich	2021-04-25 22:34:45+00:00	en	Youn Yuh-Jung ü§© #Oscars https://t.co/siZjT86GWR
1386448568983048194	mrjohnnyandrews	2021-04-25 22:34:32+00:00	en	Best Actress: Frances McDormand (Carey Mulligan) Best Supporting Actor: Paul Raci (Paul Raci) Best Supporting Actress: Youn Yuh-jung (Youn Yuh-jung) Best Original Screenplay: The Trial Of The Chicago 7 (Promising Young Woman)  #Oscars #Oscars2021 #AcademyAwards2021
1386448499349221377	Straffo	2021-04-25 22:34:15+00:00	en	Sound of Metal Chloe Zhao Anthony Hopkins/Riz Ahmed Frances McDormand Paul Raci Youn Yuh-jung  This is how the big six #Oscars should go toady.
1386448445477724165	mekishana	2021-04-25 22:34:03+00:00	en	Youn Yuh-jung and Han Ye-ri are giving me so much life with their looks. I immediately wanted to yell "POCKETS" b/c we all know how those instantly elevate any look, but both the cut &amp; color of these dresses fit them SO well. Also, SKIN üòç https://t.co/go3IFrYfyc
1386448299587031040	NazmulH99197849	2021-04-25 22:33:28+00:00	en	Academy Award nominee Youn Yuh-jung #Oscars  https://t.co/mwpdGccRmZ https://t.co/C0HhEwqy22
1386448224613978112	VogueRunway	2021-04-25 22:33:10+00:00	en	Youn Yuh-jung and Han Ye-ri have arrived at the 2021 #Oscars. See more of tonight's red carpet looks: https://t.co/VdetiSrliP https://t.co/6Dl1yYBiJk
1386448054014914568	laestatuilla	2021-04-25 22:32:29+00:00	en	GLENN CLOSE y YOUN YUH-JUNG #Oscars https://t.co/yQloysQLCH
1386447819393884160	RobbyKronemeyer	2021-04-25 22:31:33+00:00	en	Best Supporting Actress Will Win: Youn Yuh-jung - Minari Should Win: Amanda Seyfried - Mank Although I will love the Youn win since she's a legend finally getting her due.
1386447786254557184	colianders	2021-04-25 22:31:25+00:00	en	@kylebuchanan Youn Yuh-jung!
1386447698602065920	tranwreckkkkk	2021-04-25 22:31:04+00:00	en	Karamo casually breezing through ‚ÄúStop Asian Hate‚Äù and then went straight back to how beautiful Han Ye-Ri and Youn Yuh-jung‚Äôs Oscars looks were was *UNCOMFORTABLE*
1386447661398732802	haeinwook	2021-04-25 22:30:56+00:00	en	bol√£o Oscar  minari: best film Riz Ahmed: best actor Viola Davis: best actress youn Yuh-jung: atriz coadjuvante the white tiger: roteiro adaptado  the trial of chicago 7: roteiro original mulan: costume design   a love song for latasha: short doc  Lee Isaac Chung: best director
1386447574035542020	_textmedia	2021-04-25 22:30:35+00:00	en	Beautiful #Oscars #Minari Youn Yuh-jung &amp; Yeri Han üé•üëåüèº https://t.co/Ckvh0BWGTV
1386447514413502469	HelloCanada	2021-04-25 22:30:21+00:00	en	Youn Yuh-jung + Han Ye-ri of #Minari hit the #Oscars red carpet together looking super stylish https://t.co/hgPLIpyFYk
1386447395353923585	mrwillw	2021-04-25 22:29:52+00:00	en	Probable Supporting Actress winner Youn Yuh-Jung of Minari on differences between her character and real life: "I'm not living with my grandson. And he wouldn't give me a cup of 'Mountain Dew'.". OMG. She kills me. #Oscars https://t.co/m5GWphGZ9v
1386447348759465994	redcherrydream	2021-04-25 22:29:41+00:00	en	The queen Youn Yuh-jung has arrived üòç #Oscars
1386444396581715969	FilmUpdates	2021-04-25 22:17:57+00:00	en	#Minari stars Youn Yuh-jung &amp; Han Ye-ri have arrived at the #Oscars red carpet https://t.co/4IS746kBGJ
1386447248243007491	FilmInquiry	2021-04-25 22:29:17+00:00	en	#Oscars #Minari already winning the evening! Youn Yuh-jung on the Red Carpet! https://t.co/QYwk0ikw3g
1386447175123623939	SectionFoot	2021-04-25 22:29:00+00:00	en	MEILLEURE ACTRICE DANS UN SECOND ROLE  Mon favori : Glenn CLOSE ‚Äì Hillbilly Elegy  Mon prono : YOUN Yuh-jung - Minari https://t.co/dFrIkPQarl
1386447013064036352	chrisycram	2021-04-25 22:28:21+00:00	en	I need to know about this beautiful quilted navy gown that Youn Yuh-jung is owning the #ERedCarpet with!#Oscars #whoareyouwearing
1386446672088100867	_TJKC_	2021-04-25 22:27:00+00:00	en	#Oscars Best Supporting Actress Odds  ‚Ä¢ Youn Yuh-jung 83.3% ‚Ä¢ Maria Bakalova 21.1% ‚Ä¢ Glenn Close 9.1% ‚Ä¢ Olivia Colman 4.8% ‚Ä¢ Amanda Seyfried 2.9%
1386446647966699520	Okpuma	2021-04-25 22:26:54+00:00	en	Actress - Viola Davis (my young curveball) Director - Chloe Zhao Supp Actor - Daniel Kaluuya (100%) Supp Actress - Youn Yuh-jung Ori Screenplay - Promising Young Woman Ada Screenplay - The Father Animated - Soul (my most certain bet) Score - Soul Song - Husavik
1386446439694454784	MatthewParker75	2021-04-25 22:26:04+00:00	en	Youn Yuh-Jung just said ‚Äúpiss‚Äù on the red carpet. Love her. #Oscars
1386446375391432706	briasoboojie	2021-04-25 22:25:49+00:00	en	Youn Yuh-jung and Han Yeri were so good in Minari #LiveFromE #Oscars
1386446301164752900	FilmUpdates	2021-04-25 22:25:31+00:00	en	Academy Award nominee Youn Yuh-jung #Oscars https://t.co/0ycaVWrtZ5
1386446190552698886	celebitchy	2021-04-25 22:25:05+00:00	en	Youn Yuh-jung and Han Ye-ri said that they became like a family while living together filming Minari ü•∫
1386446119387889667	rzjkive	2021-04-25 22:24:48+00:00	en	they‚Äôre so beautiful i can‚Äôt wait for youn yuh-jung to win tonight
1386444396581715969	FilmUpdates	2021-04-25 22:17:57+00:00	en	#Minari stars Youn Yuh-jung &amp; Han Ye-ri have arrived at the #Oscars red carpet https://t.co/4IS746kBGJ
1386446096621359105	JordanGPittman	2021-04-25 22:24:43+00:00	en	I‚Äôm kinda obsessed with Youn Yuh-jung üòç #Oscars
1386446079164440577	guybranum	2021-04-25 22:24:38+00:00	en	Truly I want nothing more than to watch Youn Yuh-Jung do bits all night long.
1386446047283748884	ArrobaNerd	2021-04-25 22:24:31+00:00	en	Youn Yuh-jung e Han Ye-ri #Minari üì∏ Chris Pizzelo/PMC #Oscars #OscarNoArrobaNerd https://t.co/bklg6dqX8n
1386445898427863048	itsmearabrady	2021-04-25 22:23:55+00:00	en	E! has white person fumbled Youn Yuh-jung all goddamn night she‚Äôs a nominee you absolute morons #Oscars
1386445791468924930	yaac43ffy	2021-04-25 22:23:30+00:00	en	Can they stop labeling Youn Yuh-jung ‚Äúthe Korean Meryl Streep‚Äù #Oscars
1386445743259627521	GettyVIP	2021-04-25 22:23:18+00:00	en	Youn Yuh-jung of @MinariMovie attends the 93rd Annual Academy Awards at Union Station in Los Angeles  More üì∏ #AcademyAwards üëâ https://t.co/PivgPxjhhZ #Oscars #oscars2021 #AcademyAwards2021 #YounYuhjung #Minari https://t.co/KPGQZJfTAT
1386445727505727490	GeeksOfColor	2021-04-25 22:23:15+00:00	en	Youn Yuh-jung and Han Ye-ri on the #Oscars red carpet. https://t.co/t6gzz6PAV4
1386445710669713408	EW	2021-04-25 22:23:10+00:00	en	#Minari's Youn Yuh-jung and Han Ye-ri have arrived! üòç#Oscars   üì∑:  Chris Pizzelo-Pool/Getty Images https://t.co/utx1K8gYBm
1386445652016521217	PaigeCatton	2021-04-25 22:22:57+00:00	en	There's a good chance I'll tear up when Youn Yuh-jung makes HISTORY when she WINS her Oscar. #Oscars2021
1386440887371112448	Variety	2021-04-25 22:04:01+00:00	en	#Minari stars Youn Yuh-jung and Yeri Han walk the #Oscars carpet in black and red.   See all of the fashion highlights from tonight: https://t.co/JneW40MCl0 https://t.co/teu8FSZMNy
1386445554335498241	digitalspy	2021-04-25 22:22:33+00:00	en	Stars of #Minari Youn Yuh-jung (nominated for Best Supporting Actress) and Han Ye-ri üëë #Oscars https://t.co/WzlrqqJ0Uo
1386445381354074116	Jbrodess	2021-04-25 22:21:52+00:00	en	The Oscars can be dumb ‚Äî but I still like celebrating movies!  Here was my favorite work from 2020:  - Paul Raci (Sound of Metal) - Wunmi Mosaku (His House) - Youn Yuh-jung (Minari) - Kelly O‚ÄôSullivan (Screenplay, Saint Frances) - Joshua James Richards (Cinematography, Nomadland)
1386445242342199296	ianamurray	2021-04-25 22:21:19+00:00	en	the fact that youn yuh-jung is actually there oh no i really am gonna cry buckets
1386445234020696065	nicky_santoso	2021-04-25 22:21:17+00:00	en	youn yuh-jung coming for that oscar tonight!! &lt;3
1386445092223807492	TheNerdsofColor	2021-04-25 22:20:43+00:00	en	Our favorites Youn Yuh-jung and Yeri Han #Oscars #minari https://t.co/lGm6QC4J1u
1386445037500784644	CARZENIK	2021-04-25 22:20:30+00:00	en	‚ú® Que Youn Yuh-jung se gane el oscar ‚ú®
1386445004042821636	Talitaduvanel	2021-04-25 22:20:22+00:00	en	Amo vestido com bolso. Amei a Youn Yuh-jung #Oscars   üì∏Getty Images https://t.co/STjvzfDi8A
1386444957687287811	GMA	2021-04-25 22:20:11+00:00	en	Youn Yuh-jung and Han Ye-ri, two stars of the #Oscar nominated movie @minarimovie, talk to @ChrisConnelly ahead of the #Oscars. https://t.co/90nvQUCcXs https://t.co/QIP8CXHfUj
1386444909067046923	Koupakeur	2021-04-25 22:19:59+00:00	en	J'ai vot√©...I voted...Prkbgm üíõ... and of course for             üåüYoun Yuh-Jungüåü @BOGUMMY ,tonight I won't sleep... I am in L.A in front of my TV.                              ‚úå https://t.co/XzDQdsKsx6
1386444815978561536	gvnegirll	2021-04-25 22:19:37+00:00	en	i think it will go like this: nomadland best picture, chadwick best actor, daniel kaluuya best supporting actor, youn yuh-jung best supporting actress, carey mulligan best actress, chlo√© zhao best director (as she should)
1386442835717545985	JEONSGUCCl	2021-04-25 22:11:45+00:00	en	minari best picture, steven yeun best actor, daniel kaluuya best supporting actor, frances mcdormand best actress, youn yuh-jung best supporting actress, chloe zhao best director https://t.co/sD9xCq33Ov
1386444759506460674	DrMatthewSweet	2021-04-25 22:19:24+00:00	en	If Youn Yuh-jung doesn't win an Oscar tonight I'm going to be grumpy all week. https://t.co/hfO8sS8FMm
1386444541721522180	sickmarried	2021-04-25 22:18:32+00:00	en	YOUN YUH-JUNG TODAY'S WINNER SO TRUE
1386444396581715969	FilmUpdates	2021-04-25 22:17:57+00:00	en	#Minari stars Youn Yuh-jung &amp; Han Ye-ri have arrived at the #Oscars red carpet https://t.co/4IS746kBGJ
1386444328319557635	BehindTheBR	2021-04-25 22:17:41+00:00	in	Youn Yuh-jung e Yeri Han no #Oscars. https://t.co/QJ7Gw5J4mQ
1386444304378253312	aguirreryan	2021-04-25 22:17:35+00:00	en	Future Oscar winner Youn Yuh-Jung and Yeri Han, we are in the presence of such ASIAN EXCELLENCE!!!! üèÜüèÜüèÜ #Oscars https://t.co/f8FjY4OmAH
1386444283226451969	gomezzgalore	2021-04-25 22:17:30+00:00	en	‚ÄòMinari‚Äô stars Youn Yuh-jung and Yeri Han looking stunning at the #Oscars¬† red carpet #Oscars2021 https://t.co/wgUdXrumbZ
1386444256768897031	micafffffff	2021-04-25 22:17:24+00:00	en	@DiscussingFilm Minari star Yeri Han and future Oscar winner Youn Yuh-jung**
1386444200087068675	MidasMisery	2021-04-25 22:17:10+00:00	en	üïØÔ∏è Oscar Winner Youn Yuh-jung üïØÔ∏è
1386443480315084801	JosphineMamdouh	2021-04-25 22:14:19+00:00	in	Minari stars Youn Yuh-jung &amp; Han Ye-ri #Oscars https://t.co/ZrNN2o2fbp
1386444137088569346	frazbelina	2021-04-25 22:16:55+00:00	en	Youn Yuh-jung and Han Ye-ri! Thrilled they‚Äôre both in attendance. #Oscars https://t.co/5uVtGpMvOY
1386443904199790592	kboldens	2021-04-25 22:16:00+00:00	en	(sound of metal esp riz would be cool too)(i never got around to the father)(nomadland was good but was it bp good? idk. directing, yes)(viola or carey toss up imo)(youn yuh-jung always)
1386443873556258816	thegoodolddais	2021-04-25 22:15:52+00:00	en	Youn Yuh-Jung and Han Ye-Ri are STUNNING  also that quilted dress!!! I'm officially calling thick textiles a trend. #Oscars https://t.co/O4yZUhquhM
1386443593527840768	makhondlovu	2021-04-25 22:14:46+00:00	en	At 73 year‚Äôs old Youn Yuh-jung could make history tonight. First Korean actress to be nominated for Best Supporting Actress ‚Äì and maybe the first to win it!‚ú® #Oscars
1386440887371112448	Variety	2021-04-25 22:04:01+00:00	en	#Minari stars Youn Yuh-jung and Yeri Han walk the #Oscars carpet in black and red.   See all of the fashion highlights from tonight: https://t.co/JneW40MCl0 https://t.co/teu8FSZMNy
1386443578969309185	i_am_karchies	2021-04-25 22:14:42+00:00	en	Supporting actress - Youn Yuh-jung(preference - Glenn Close)  Best international film - Another round  Best animation - soul Best original screenplay - (preference - trial of the Chicago 7) Adapted screenplay - Nomadland (preference - white tiger)
1386443491329253380	GoEunJo	2021-04-25 22:14:21+00:00	en	Oscars predictions  Picture-Nomadland Actor-Chadwick Boseman Actress-Viola Davis  International- Another Round Supporting Actress-Youn Yuh-jung Animated -Soul Director-Chloe Zhao Supporting Actor-Paul Raci O Screenplay-Chicago 7 A Screenplay-One Night in Miami Cinematography-Mank https://t.co/IUoMwS0zSm
1386443135681667073	TooFab	2021-04-25 22:12:57+00:00	en	#Minari stars Han Ye-ri &amp; Youn Yuh-jung just arrived to the 2021 #Oscars https://t.co/O6eBvvvLi7 https://t.co/F5hpyCGiqw
1386442978084917252	ItsTeeCee11	2021-04-25 22:12:19+00:00	en	Can‚Äôt wait to see you win Youn Yuh-jung üôå
1386442669820370944	scooperhoops	2021-04-25 22:11:06+00:00	en	Okay here are my Oscar preferences (not predictions) in some key categories (1/2):   Supporting Actor: Paul Raci (Sound of Metal) Supporting Actress: Youn Yuh-jung (Minari) Cinematography: Nomadland Best International: Quo Vadis, Aida? Best Documentary: The Mole Agent
1386442660295057409	LMCooper	2021-04-25 22:11:03+00:00	en	Oscars predictions  Picture-Nomadland Actor-Chadwick Boseman Actress-Viola Davis  International- Another Round Supporting Actress-Youn Yuh-jung Animated -Soul Director-Chloe Zhao Supporting Actor-Paul Raci O Screenplay-Chicago 7 A Screenplay-One Night in Miami Cinematography-Mank
1386442566443413515	Ram0n86	2021-04-25 22:10:41+00:00	en	Actrice Bijrol: Youn Yuh-jung (Minari) Internationale Film: Another Round Animatiefilm: Soul Bewerkte Scenario: Nomadland Originele Scenario: Promising Young Woman Cinematografie: Nomadland Productiedesign: Mank Documentaire: My Octopus Teacher Montage: Sound of Metal (2/4)
1386442006453395457	maggnetas	2021-04-25 22:08:27+00:00	en	I love the silhouette of Youn Yuh-jung‚Äôs dress. And Han Ye-ri looks stunning! https://t.co/Nl237mDNUH
1386441978078928896	alexiafedz	2021-04-25 22:08:21+00:00	en	@kylebuchanan best supporting actress for Youn Yuh-jung. Loveeee her
1386441766639968264	JimEagle47	2021-04-25 22:07:30+00:00	en	#Oscars¬† #Oscars2021 #AcademyAwards My picks:  Best Picture-The Father  Best Actor-Anthony Hopkins, The Father  Best Actress-Vanessa Kirby, Pieces of a Woman  Best Supporting Actor-Daniel Kaluuya, Judas and the Black Messiah  Best Supporting Actress-Youn Yuh-jung, Minari
1386441717570670595	AartiKuverPhD	2021-04-25 22:07:18+00:00	en	@Variety I want Youn Yuh-jung‚Äôs dress.
1386441696850980864	Showboat7	2021-04-25 22:07:14+00:00	en	Youn Yuh-jung of ‚ÄòMinari‚Äô credits St. Pete experience for Oscar-nominated role https://t.co/1Rs9DIKxgu
1386441589875122177	TheNerdsofColor	2021-04-25 22:06:48+00:00	en	Youn Yuh-jung and Yeri Han are at the #Oscars #minari https://t.co/Dd0NjRQOwr
1386441409448742913	sknolle	2021-04-25 22:06:05+00:00	en	It looks like Youn Yuh-jung's dress has pockets!
1386440887371112448	Variety	2021-04-25 22:04:01+00:00	en	#Minari stars Youn Yuh-jung and Yeri Han walk the #Oscars carpet in black and red.   See all of the fashion highlights from tonight: https://t.co/JneW40MCl0 https://t.co/teu8FSZMNy
1386441106624106496	moaz_hazem99	2021-04-25 22:04:53+00:00	en	ŸÅŸÇÿ±ÿ© ŸÉŸÑ ÿ≥ŸÜÿ©  Best actor: Chadwick Boseman Best supporting actor: Daniel Kaluuya Best actress: Frances Mcdormand Best supporting actress: Youn Yuh-jung Best picture: Nomadland Best director: Chloe Zhao
1386440355470450692	josepao179	2021-04-25 22:01:54+00:00	en	@EonlineLatino Youn Yuh-jung ü§û
1386439991488917505	kelly_pxng	2021-04-25 22:00:27+00:00	en	going to bed now but i better wake up and see youn yuh-jung with an oscar and chlo√© zhao with her historic best director oscar ü§ûüèºü§ûüèº
1386439975080665088	travellingsoot	2021-04-25 22:00:23+00:00	en	JUST SAW A SPLIT SECOND OF YOUN YUH-JUNG AND HAN YERI TOGETHER ON THE RED CARPET I'M HYPERVENTILATING https://t.co/MRISqTE2AV
1386439835288756224	lmaia	2021-04-25 21:59:50+00:00	en	Actress in a Supporting Role  Who will win: Youn Yuh-Jung Who I think should win: I'm prepared  to believe that Youn Yuh-Jung should win this award, but I haven't seen Minari. Ellen Burstyn should've received at least a nomination for Pieces of a Woman
1386439686311141376	inaman195	2021-04-25 21:59:14+00:00	en	Youn Yuh-jung will win Best Supporting Actor for Minari.
1386439086605430784	avecdevouement	2021-04-25 21:56:51+00:00	en	üïØÔ∏è sound of metal riz ahmed frances mcdormand youn yuh-jung y daniel kaluuya üïØÔ∏è
1386438973648744451	MickiMaynard	2021-04-25 21:56:24+00:00	en	My #AcademyAwards wish is that as many awards as possible go to @MinariMovie. I especially want our @steveyeun to win and I would love to see Youn Yuh-jung win.
1386438115938607105	DanGreentree	2021-04-25 21:53:00+00:00	en	OSCAR PREDICTIONS:  Best Picture - Nomadland Actor - Chadwick Boseman Actress - Frances McDormand Int Feature - Another Round Orig Song - Speak Now Sup Actress - Youn Yuh-jung Live Short - The Present Animated - Onward Doc Feature - My Octopus Teacher Director - Chlo√© Zhao
1386437549992779780	edd_gosbender	2021-04-25 21:50:45+00:00	en	If Youn Yuh-jung wins and ends up becoming Minari's only #Oscars, it'll mark the 7th year in a row that Supporting Actress is the sole award for the movie in question.
1386437519617626113	ryeguy427	2021-04-25 21:50:38+00:00	en	Oscar Predictions: Best Original Screenplay: Promising Young Woman Best Adapted: Nomandland Best Supporting Actress: Youn Yuh-jung Best Supporting Actor: Daniel Kaluuya Best Actor: Anthony Hopkins Best Actress: Viola Davis Best Director: David Fincher
1386437443495202818	bwtryz	2021-04-25 21:50:19+00:00	en	Best Picture: the father Best Director: chloe zhao Actor in a Leading Role: chadwick boseman Actress in a Leading Role: frances mcdormand Actor in a Supporting Role: daniel kaluuya Actress in a Supporting Role: youn yuh-jung
1385011112580501507	FilmUpdates	2021-04-21 23:22:36+00:00	en	What would your #Oscars ballot look like?  Best Picture:  Best Director: Actor in a Leading Role: Actress in a Leading Role: Actor in a Supporting Role:   Actress in a Supporting Role: https://t.co/sev9ca8u2q
1386437389812445185	katieisafilmfan	2021-04-25 21:50:07+00:00	en	Best Supporting Actress  Olivia Colman #TheFather - https://t.co/J0wmsLVilw  Amanda Seyfried #Mank - https://t.co/o6w9oVHZFd  Youn Yuh-jung #Minari - https://t.co/GDhjq6t0as https://t.co/KHw2Guc2wq
1386437251215675393	damatthemovies	2021-04-25 21:49:34+00:00	en	Supporting Actress Will Win: Youn Yuh-jung Could Win: Amanda Seyfried Should Win: Amanda Seyfried Should‚Äôve Been Here: Han Ye-ri (Minari)  Seyfried was the best think about Mank, but Youn Yuh-jung has all the momentum.
1386435972997521408	keithlivesinCT	2021-04-25 21:44:29+00:00	en	Lock it in:  Nomadland best pic Carey Mulligan best actress Chadwick Boseman best actor Youn Yuh-jung for sup actress Daniel Kaluuya for sup actor Chloe Zhao for director.  #Oscars2021 #Oscars
1386435934070067201	lostalleycat	2021-04-25 21:44:20+00:00	en	Manifesting:  Minari or Nomadland for Best Picture Chlo√© Zhao for Best Directing Carey Mulligan for Best Actress Youn Yuh-jung for Best Supporting Actress  #Oscars
1386435914583400462	westniallviruss	2021-04-25 21:44:15+00:00	en	why has E! completely missed talking about Steven Yeun &amp; Youn Yuh-jung for their actor &amp; supporting actress coverage? I wonder why that is ü§î #Oscars
1386435523229765635	wyldek	2021-04-25 21:42:42+00:00	en	Supporting Actress - Youn Yuh-Jung Supporting Actor - Daniel Kaluuya Best Animated  - SOUL Best Screenplay - Emerald Fennell - Promising Young Woman Best Original Song - Husavik‚Äì Eurovision Song Contest: The Story of Fire Saga Costume &amp; Best Hair/Makeup - Ma Rainey's Black Bottom
1386435478241513474	aceeeiou	2021-04-25 21:42:31+00:00	en	I'm rooting for Queen Youn Yuh-jung. let's gooooo #Oscars https://t.co/DbcpWQbo2d
1386435122761588738	I_Zebz	2021-04-25 21:41:06+00:00	en	Best Supporting Actor - Daniel Kaluuya my man. You've had enough time to prepare your speech üòÇ   Best Supporting Actress - Youn Yuh-jung. Minari shouldn't go empty handed. #Oscars
1386435036572909568	outpour	2021-04-25 21:40:46+00:00	en	Oscar pre-show erasure of Youn Yuh-jung‚Äôs work with Hong Sang-soo of course üòë
1386434366872555520	imajikataa	2021-04-25 21:38:06+00:00	en	I‚Äôm rooting for Youn Yuh-Jung to win the #Oscars!!! https://t.co/0bvPO2IUIp
1386434186953707525	Nora_Mermaid	2021-04-25 21:37:23+00:00	en	For Best Supporting Actress, my pick is Youn Yuh-jung for Minari. #Oscars https://t.co/XudRdY3ynx
1386433708777873410	ohtonyboy	2021-04-25 21:35:29+00:00	en	#oscars  high hopesü§ûüèª  picture: nomadland director: chlo√© zhao actor: riz ahmed actress: viola davis supporting actor: paul raci supporting actress: youn yuh-jung animated feature film: wolfwalkers sound: sound of metal cinematography: nomadland visual effects: tenet ‚ú®
1386433213464150020	ElijahMurlor	2021-04-25 21:33:31+00:00	en	Best Supporting Actress:  1. Olivia Colman - The Father 2. Youn Yuh-jung - Minari  3. Amanda Seyfried - Mank 4. Maria Bakalova - Borat Subsequent  5. Glenn Close - Hillbilly Elegy  #Oscars
1386432664970809345	ImmortalCritic	2021-04-25 21:31:20+00:00	en	initially billed at Colman vs Close part deux, it appears both have sunk with each passing week, allowing Yuh-jung to become just the second Asian to win this award (Miyoshi Umeki, 1957)...  will win: Youn Yuh-jung should win: Youn Yuh-jung  #TheOscars
1386432378843799555	danwoo6	2021-04-25 21:30:12+00:00	en	@VickyBurrows I hope they follow BAFTA and give it Youn Yuh-jung
1386431559142576132	blakeells	2021-04-25 21:26:57+00:00	en	Didn‚Äôt have time to do a full #TheAcadamyAwards post, so here goes:  NOMADLAND Chadwick Boseman Viola Davis Daniel Kaluuya Youn Yuh-jung Chloe Zhao  But also won‚Äôt be surprised if MANK sweeps the awards show for Hollywood movies.
1386431129524215808	itsmearabrady	2021-04-25 21:25:14+00:00	en	People on E! mispronouncing Daniel Kaluuya and forgetting Youn Yuh-Jung was a nominee is so pre-pandemic I had to sit down from how dizzy I got
1386430493047107587	Kaelladislau	2021-04-25 21:22:42+00:00	en	ATRIZ COADJUVANTE Youn Yuh-jung Olivia Colman Maria Bakalova Amanda Seyfried Glenn Close
1386430233973194756	ImmortalCritic	2021-04-25 21:21:41+00:00	en	SUPPORT ACTRESS: for the first time since 2007 there is no clear favourite but Youn Yuh-jung has emerged in the past couple of weeks, seemingly cutting Glenn Close's hopes off...the last 4 wins though have gone to acting veterans  #TheOscars
1386429296642756608	Flavioalbertocv	2021-04-25 21:17:57+00:00	en	academy winner youn yuh-jung ü§óü§ó
1386428771914248193	ianamurray	2021-04-25 21:15:52+00:00	en	just the thought of youn yuh-jung winning makes me tear up i‚Äôm gonna be a wreck if it actually happens https://t.co/4cnYqck7uu
1386428016503365634	iamkushparmar	2021-04-25 21:12:52+00:00	en	Best Supporting Actor: Daniel Kaluuya Best Supporting Actress: Youn Yuh-Jung Best Adapted Screenplay: The Father  Best Original Screenplay: The Trial Of The Chicago 7 or Minari Best International Feature film: Another Round  Best Animated film: Soul
1386427803340398595	paula10br	2021-04-25 21:12:01+00:00	en	Youn Yuh-jung‚Äôs opinion on Kim Go-eun &gt;&gt;&gt;&gt;&gt;&gt;&gt;&gt;&gt;&gt;&gt;&gt;&gt;&gt;&gt;&gt; opinion of oimc,haters,any sort of tasteless,jealous losers ü§∑üèª‚Äç‚ôÄÔ∏è‚ú®
1386187306638319617	shilzzOnly	2021-04-25 05:16:22+00:00	en	Legendary, veteran, well known Award Winning actress YounYuhJung: "I requested her (Kimgoeun) to the Director because i like her in Eungyo" #KimGoEun #9YearsWithGgone
1386427743693271042	p_mirallesr	2021-04-25 21:11:47+00:00	en	@CanvidePla 1 Nomadland 2 Zoe 3 Carey Mulligan  4 Anthony Hopkins 5 Promising Young Woman 6 One Night in Miami 7 Lakeith Stanfield 8 Youn Yuh-jung #OSCARSCdP
1386427576671817731	DavidAmoyal	2021-04-25 21:11:07+00:00	en	Best Supporting Actor: should win Paul Raci for ‚ÄúSound of Metal‚Äù, will win Daniel Kaluuya for ‚ÄúJudas and Black Messiah‚Äù  Best Supporting Actress: should win Amanda Seyfried for ‚ÄúMank‚Äù, will win Youn Yuh-jung for ‚ÄúMinari‚Äù   #Oscars
1386427563933790210	boothe_shaun	2021-04-25 21:11:04+00:00	en	I'll go ahead and make my #Oscars predictions.  BP: Nomadland Actor: Chadwick Boseman Actress: Vanessa Kirby Supp Actress: Youn Yuh-jung Supp Actor: Paul Raci Dir: Chloe Zhao Ori Scr: Minari Adptd Scr: Nomadland Visual: Tenet (PLEASE) Cine: Nomadland Editing: The Father  (1/2)
1386427464293896192	HisAirnessFan45	2021-04-25 21:10:40+00:00	en	I think Youn Yuh-Jung should win best Supporting actress.#Oscars
1386427378994348032	louisvirtel	2021-04-25 21:10:20+00:00	en	The only thing that bothers me about this year‚Äôs Oscars is agreeing with so much conventional wisdom. Nomadland is gorgeous. The Father is immaculate. Sound of Metal great. I‚Äôm trying to be contrarian about something and all I‚Äôm coming up with is ‚ÄúYoun Yuh-jung could do standup.‚Äù
1386426110473244676	mw_callahan	2021-04-25 21:05:17+00:00	en	If Youn Yuh-jung doesn‚Äôt win Best Supporting Actress, we riot #Oscars
1386425260010921992	myownprivateswt	2021-04-25 21:01:55+00:00	en	best supporting actress:  minha torcida √© toda da youn yuh-jung e amanda seyfried. https://t.co/uD9654Ad1p
