1386574589552037890	bobbyzane1978	2021-04-26 06:55:18+00:00	en	Congrats to Youn Yuh-jung for Minari, filmed nearby in the Tulsa area. What a coincidence that Okie native Brad Pitt presented the award. #AcademyAwards2021 #YuhJungYoun
1386573564304773123	NelofarTach	2021-04-26 06:51:13+00:00	en	Oscars 2021: Asked What Brad Pitt Smells Like, Youn Yuh-jung Kills It. Her ROFL¬†Reply https://t.co/CsRKqZ8rRb
1386573010572808192	AsianMoviePulse	2021-04-26 06:49:01+00:00	en	As our own way to congratulate Youn Yuh-jung for the Oscar, here are ten of her most memorable performances. Check the list on @AsianMoviePulse   https://t.co/exjJr1VgKZ
1386572760214691840	AmariAurelius	2021-04-26 06:48:01+00:00	en	Youn Yuh-Jung's face whenever she got asked about Brad Pitt is a mood  Leave the queen alone. She's way too good for Brad Pitt
1386572356190081027	alcampbell83	2021-04-26 06:46:25+00:00	en	Missed the #Oscars2021 because of work. Just have to say with the succes of #Parasite last year. And  now witg both Youn Yuh-jung and Chlo√© Zhao. It's fantastic seeing the  west applaud and celebrate. Those in front and behind the camera, in Asian cinema.
1386572105253195779	kjpurneII	2021-04-26 06:45:25+00:00	en	- Predictable wins for Daniel Kaluuya and Youn Yuh-jung, both their acceptance speeches were even better. Yuh-jung forever adorable. (speaking of, H.E.R. won for Song, so Pinoy pride i guess lol)
1386571773580247044	Biswaji39516992	2021-04-26 06:44:06+00:00	en	Oscars 2021: Asked What Brad Pitt Smells Like, Youn Yuh-jung Kills It. Her ROFL Reply | In¬†Hindi. https://t.co/pVJjEbz0Iq
1386571421237714947	bangtanpet_twt	2021-04-26 06:42:42+00:00	en	@sarasfilter So many bad -isms in the reporter‚Äôs manner. Tsk.  Congratulations, Youn Yuh-Jung! Ignore the beasties.
1386571193965191173	cringewomen	2021-04-26 06:41:48+00:00	en	well at least youn yuh-jung won and i can watch the 9ps trailer repeatedly over the course of what i assume will be several years until they give us a release date ‚ù§
1386571039572783104	hrkserendipity	2021-04-26 06:41:11+00:00	en	Youn Yuh-jung‚Äôs 50-year film career: filmography  https://t.co/orfYb5bLd6
1386570949856698370	MyKanglatongbi	2021-04-26 06:40:50+00:00	en	Oscars 2021: Asked What Brad Pitt Smells Like, Youn Yuh-jung Kills It. Her ROFL¬†Reply https://t.co/L82oFFQSeC
1386570941514194950	hrkserendipity	2021-04-26 06:40:48+00:00	en	Youn Yuh-jung‚Äôs storied 5-decade career culminates in Oscars win  https://t.co/UbRjROg8J6
1386570811687931905	ChrisanneChin	2021-04-26 06:40:17+00:00	en	Youn Yuh-Jung fan-girling Brad Pitt!! Hilarious!!
1386505674822230017	GlamourMagUK	2021-04-26 02:21:27+00:00	en	The best moment of the night. Hands down. #Oscars2021 https://t.co/ejG1KrZZx9
1386570747431329792	staronline	2021-04-26 06:40:02+00:00	en	South Korean film icon Youn Yuh-jung won the best supporting actress Oscar for her role as a spirited and unconventional grandmother in Minari.   https://t.co/RlFXo91wX8
1386570494112149510	ATLNewsFirst	2021-04-26 06:39:01+00:00	en	Youn Yuh-jung wins best supporting actress Academy Award https://t.co/rL55ouf8Nc
1386570199546044418	ChrisanneChin	2021-04-26 06:37:51+00:00	en	Love her to bits! She's so funny. Youn Yuh-Jung.... You're the bomb. Congratulations!! #Oscars2021
1386570168273448960	taffy_twt	2021-04-26 06:37:44+00:00	en	it's very Hollywood how the media has taken Youn Yuh-Jung's moment and made it all about Brad Pitt.
1386569994436325380	paradisingnie	2021-04-26 06:37:02+00:00	en	it‚Äôs frustrating to see more coverage on youn yuh-jung ‚Äúfangirling‚Äù over brad pitt than her journey as an actress
1386567336400855040	ultseul	2021-04-26 06:26:28+00:00	en	lol youn yuhjung was talking to korean media after the oscars and one of them was like "that's all they (americans) keep asking you isn't it üòî" and she went "they kept asking me how it was meeting brad pitt üôÑüôÑ" https://t.co/XGEv8sp6mZ
1386568795586715648	jhazelleds	2021-04-26 06:32:16+00:00	en	It is so simple but I think Youn Yuh-jung has my favourite gown of the evening. Its a chic that is coming from somewhere aside from the dress. I just love it.
1386444396581715969	FilmUpdates	2021-04-25 22:17:57+00:00	en	#Minari stars Youn Yuh-jung &amp; Han Ye-ri have arrived at the #Oscars red carpet https://t.co/4IS746kBGJ
1386568299740205058	HighSierraMan	2021-04-26 06:30:18+00:00	en	For those commenting with amusement on Youn Yuh-jung "hitting" on Brad Pitt, I'm going to guess it's the age difference that intrigues you.   Note that their 16 year age difference pales in comparison to the 29 year gap between Brad and his most recent girlfriend. https://t.co/zqAYyNUOKf
1386568229519245314	avawongdavies	2021-04-26 06:30:01+00:00	en	youn yuh-jung getting up on stage and telling westerners they‚Äôre all fucking stupid ‚ù§Ô∏èüôèüèº
1386567818574024704	KiruKrono	2021-04-26 06:28:23+00:00	en	Something super small but listening to Youn Yuh-Jung's speech at the Oscars just reminded me so much of my mother haha She is just so charming!!
1386567801616453633	sookiestackhoe	2021-04-26 06:28:19+00:00	en	They are ‚Äòpulling a BTS‚Äô to Youn Yuh-Jung. Every story about her mentions Brad Pitt as wellü§¨like what the fck?it was cute yeah so lets move on and celebrate her great acting!not her interactions with another great and WHƒ∞TE actor.
1386567561676922883	hallyure	2021-04-26 06:27:22+00:00	en	Youn Yuh-jung becomes the first Korean actress and second Asian actress in history to win an #Oscar!  She is the winner of Best Supporting Actress at #Oscars2021 for her role in Minari  Congratulating her and all the @MinariMovie cast &amp; crew for this historic achievement!
1386567334417031168	MartTowers	2021-04-26 06:26:28+00:00	en	And Youn Yuh-jung really was that good in Minari, which feels like the kind of movie that would never have got awards attention in a normal year. Please watch it too! https://t.co/E7D3v6fVob
1386566668571217926	LaymanNameless	2021-04-26 06:23:49+00:00	en	'Minari' Best Supporting Actress Youn Yuh-jung meets Glenn Close | etalk https://t.co/oJ7uzSTLBy @YouTube„Åã„Çâ
1386566623042146305	GHmagazine	2021-04-26 06:23:38+00:00	en	Oscar winners Daniel Kaluuya and Youn Yuh-jung hugging backstage is a lovely moment https://t.co/jD5wMFAXfc
1386566544612761601	_hyekyolove	2021-04-26 06:23:20+00:00	en	‚Äú#SongHyeKyo congratulates Youn Yuh-jung on winning the Oscars.‚Äùüåπhttps://t.co/eUQENIpYrL https://t.co/cQWzFqR2ZK
1386566518045962242	rjm613	2021-04-26 06:23:13+00:00	en	Did the woman who asked Youn Yuh-jung if what Brad Pitt smells like even know that it was very disrespectful???? BUT PROPS TO YOUN YUH JUNG FOR THE CLAPBACK!! üëèüëè
1386566379697016834	michaelchristod	2021-04-26 06:22:40+00:00	en	#Oscars I haven‚Äôt seen ‚ÄòThe Father‚Äô, I‚Äôm sure Anthony Hopkins is good but yes, disappointing that Chadwick Boseman didn‚Äôt win. Very cool with Daniel Kaluuya and Youn Yuh-jung winning. Soul certainly deserves Best Animated Feature. Will check out ‚ÄòPromising Young Woman‚Äô soon.
1386565970974560256	MSN	2021-04-26 06:21:03+00:00	en	Youn Yuh-jung Knows How to Win https://t.co/fcqASfEfi5
1386565912287879168	sungjinyang	2021-04-26 06:20:49+00:00	en	Youn Yuh-jung‚Äôs 50-year film career: filmography https://t.co/OvR1JNqC48
1386565815483260933	BookLife_b	2021-04-26 06:20:26+00:00	en	Youn Yuh-jung Knows How to Win (The Atlantic)  Youn also shouted out her "wonderful family" by name-Chung and her co-stars Steven Yeun, Yer...  Add your highlights: https://t.co/Ap5HsKdyMK  #Books
1386565665742409732	sungjinyang	2021-04-26 06:19:50+00:00	en	Youn Yuh-jung‚Äôs storied 5-decade career culminates in Oscars win https://t.co/xKexvJbZmC
1386565650026430464	TheGregoryE	2021-04-26 06:19:46+00:00	en	Youn Yuh-jung and a very proud Steven Yeun backstage at the #Oscars https://t.co/SPxdXvTxta
1386565571764899841	claragabriel	2021-04-26 06:19:28+00:00	en	Both Supporting Roll winners, Youn Yuh-jung and Daniel Kaluuya should have been nominated in the Leading Roll category. Yuh-jung CARRIED Minari! And it‚Äôs outrageously offensive  to pretend playing Hampton in a film about his life is not a leading roll. Wtf #Oscars
1386565540462796803	sungjinyang	2021-04-26 06:19:20+00:00	en	Youn Yuh-jung wins best supporting actress award at Oscars https://t.co/yEeyK3pmli
1386565023816830979	ggshin	2021-04-26 06:17:17+00:00	en	YOUN Yuh-jung shows the terrible confusion of Korean names caused by the poor romanization of Hangeul, the most systematic alphabet in the world. The lack of one-to-one matching of Hangeul to Roman alphabet was caused while matching Hangeul to English, a very poor writing system.
1386564833022148609	sagaftraFOUND	2021-04-26 06:16:31+00:00	en	Watch our Conversation with Best Supporting Actress winner Youn Yuh-jung of #Minari. #Oscars¬†https://t.co/KQtbdgPASI
1386564777355452417	haleNcrazy	2021-04-26 06:16:18+00:00	en	My Oscar predictions came through o. Youn Yuh-jung, no way she wasn‚Äôt winning Best Supporting Actress.  While watching Sound of Metal with my sister yesterday morning, I told her, ‚ÄúThe irony is, this movie about a near-deaf guy will win best sound‚Äù.  And I swore off loud music.üò•
1386564747068272640	DiaFramps	2021-04-26 06:16:11+00:00	en	Youn Yuh-Jung .... reminds me so much of my own grandmother over in Seoul.  Watching her speak at the Oscars tonight made me cry like a damn baby. ‚ù§Ô∏è‚ù§Ô∏è‚ù§Ô∏è
1386564697302835200	ms_michellelaw	2021-04-26 06:15:59+00:00	en	Obsessed with Youn Yuh-jung's acceptance speech and expect I will be re-watching it with the same level of enthusiasm and dedication as I do Emma Thompson's BAFTAs acceptance speech for Sense &amp; Sensibility in 1996.
1386564660892106755	tweetdeguerre	2021-04-26 06:15:50+00:00	en	@MrGeorgeWallace Youn Yuh-Jung hive, we out here! üôåüèæ
1386564528452812801	jmflavian	2021-04-26 06:15:19+00:00	en	üòç Youn Yuh-jung wins best supporting actress award at Oscars  https://t.co/i6LshuOES9
1386564309220745216	Matthew05814152	2021-04-26 06:14:27+00:00	en	@Gabe_The_Joker 1) Daniel Kaluuya 2) Anthony Hopkins 3) Youn Yuh-jung 4) Frances McDormand
1386564297992642560	melton_sean	2021-04-26 06:14:24+00:00	en	Personal favorite moments were Bong Joon-ho quoting David Fincher, Glenn Close schooling everyone about Da Butt, Daniel Kaluuya embarrassing his mom, talk of T2 and Secret of NIHM, Youn Yuh-jung, no hosts, and both best screenplay wins were great.
1386564233450643459	TheBrightsideHP	2021-04-26 06:14:09+00:00	en	Minari star Youn Yuh-jung continued her breakout success streak at the #Oscars with a history-making win https://t.co/YERNvrLlRz
1386564208112898051	HuffPostUK	2021-04-26 06:14:02+00:00	en	Minari star Youn Yuh-jung continued her breakout success streak at the #Oscars with a history-making win https://t.co/3E3XzvW6Z5
1386564089644650498	thejorgej	2021-04-26 06:13:34+00:00	en	Celebrating Youn Yuh-jung in my timeline today! She deserves it! #Oscars https://t.co/slVeMKv3wp
1386563990260748289	fox43	2021-04-26 06:13:11+00:00	en	Youn Yuh-jung wins best supporting actress Academy Award https://t.co/8wC16q55sU
1386563964126044161	HuffPostUKEnt	2021-04-26 06:13:04+00:00	en	Minari star Youn Yuh-jung continued her breakout success streak at the #Oscars with a history-making win https://t.co/ZqgHwrjy2k
1386563783615602692	Gabe_The_Joker	2021-04-26 06:12:21+00:00	en	Rank this year's Acting Oscar winners  Anthony Hopkins in The Father Frances McDormand in Nomadland Daniel Kaluuya in Judas and the Black Messiah Youn Yuh-jung in Minari https://t.co/vXotOQL2Go
1386563527817809921	StaticsGk	2021-04-26 06:11:20+00:00	en	#Oscars 2021  Best Actor: Anthony Hopkins  Best Actress: Frances McDormand  Best Picture: Nomadland  Best Director: Chloe Zhao  Best Int'l Feature Film: Another Round  Best Supporting Actor: Daniel Kaluuya  Best Supporting Actress: Youn Yuh-jung  @TheAcademy
1386563472658366468	GoBeafeb	2021-04-26 06:11:07+00:00	en	Youn Yuh-jung and Brad Pitt (who handed her the Oscar) in the press room at the 93rd Academy Awards on April 25, 2021 in Los Angeles, California. https://t.co/qvg1dRi6zy
1386563189299576832	AlexFirer	2021-04-26 06:10:00+00:00	en	[me rambling as i make my way through an endless maze of mirrors] glenn close twerk planned, kaluuya parents had sex to make him, youn yuh-jung flirting with brad pitt, i am in every crevice, i am in the ant in your veins, free me from this maze, harrison ford reading from a shee
1386563029047947266	Dev_Discourse	2021-04-26 06:09:21+00:00	en	Youn Yuh-jung's Oscars win 'rewrites' South Korean film history https://t.co/58XBVCihxp
1386563011884822528	gladjq	2021-04-26 06:09:17+00:00	en	'Minari' Best Supporting Actress Youn Yuh-jung meets Glenn Close | etalk https://t.co/XNSK9aj3ap
1386562966900912131	_VivianWilde	2021-04-26 06:09:07+00:00	en	@TvTalk_Rai Best moments: Youn Yuh-Jung(¬†Minari¬†)'s charming award speech (she   won the Oscar for best actress in supporting role)‚ÄìGlenn Close  dancing to "Da Butt" .üôÇ
1386562826869919744	TheAtlantic	2021-04-26 06:08:33+00:00	en	The Oscar-winning ‚ÄúMinari‚Äù actor Youn Yuh-jung‚Äôs acceptance speech was a highlight of this year‚Äôs ultra-laid-back ceremony, @hannahgiorgis writes: https://t.co/SHedq9BUlI
1386562505871220744	BulletinCurrent	2021-04-26 06:07:17+00:00	en	Oscars 2021 ‚Äì Asked What Brad Pitt Smells Like, Youn Yuh-jung Kills It. Her ROFL¬†Reply https://t.co/mctheZS09l
1386562133551304704	Mapinguari	2021-04-26 06:05:48+00:00	en	@rgay He's so great. I was just watching a youtube video of him interviewing Youn Yuh-Jung and they were hilarious.
1386562011782205440	wehell	2021-04-26 06:05:19+00:00	en	Congrats Youn Yuh-jung
1386506654162866177	rapplerdotcom	2021-04-26 02:25:21+00:00	en	Congratulations!   South Korean film icon Youn Yuh-jung wins the best supporting actress #Oscar for her role as a spirited and unconventional grandmother in Minari. https://t.co/B2jIndFJsd
1386561871847645188	quarkhenares	2021-04-26 06:04:45+00:00	en	Thanks Maui now I'm two degrees away from Youn Yuh-Jung!
1386551230361743360	kristinepatag	2021-04-26 05:22:28+00:00	en	TIL: Oscar-winner Youn Yuh-Jung and PH‚Äôs Maui Taylor were in a 2012 thriller erotica Korean film together.  Cc: @othersashas who told me to post this here. https://t.co/yYExQA91TO
1386561291737784321	joshsuncheese	2021-04-26 06:02:27+00:00	en	and Youn Yuh-jung (Minari), the first South Korean and second Asian to win an Academy Award for acting. Cheers to representation and diversity! Cheers to women and Asians! https://t.co/anq4fDNbdZ
1386561238021275649	TheOrionHunter	2021-04-26 06:02:14+00:00	en	Nomadland, Anthony Hopkins, Emerald Fennel, Daniel Kaluuya, Youn Yuh-Jung. There‚Äôs a lot of good here and I‚Äôm happy about it
1386561152465833984	geebeeness	2021-04-26 06:01:54+00:00	en	i'm so happy for youn yuh-jung! was rooting for the lola in minari! love her!
1386561004079763461	NewsEverything_	2021-04-26 06:01:19+00:00	en	Oscars 2021 ‚Äì Asked What Brad Pitt Smells Like, Youn Yuh-jung Kills It. Her ROFL Reply ‚Äì NewsEverything¬†World https://t.co/nznsQXf3b8
1386560798269624320	IndyArts	2021-04-26 06:00:30+00:00	en	Youn Yuh-jung calls out Hollywood for mispronouncing her name while accepting Oscar https://t.co/NCPoWOZVkj
1386560677456793601	WIONews	2021-04-26 06:00:01+00:00	en	Youn Yuh-jung created history as she became the first Korean actress to win an #Oscar on Sunday night. Young Yuh-jung's performance in #Minari fetched her the Best Supporting Actress award at the #Oscars2021. #AcademyAwards   https://t.co/OMmwKjQq2v
1386560644770635776	Julephenia	2021-04-26 05:59:53+00:00	en	@MaraWilson We watched them, and while I usually love them, I think the otters sound as if they were much more interesting.  It just felt weird, being so small and in the train station.  But Youn Yuh-jung WAS worth it. I want to be like her when I'm her age.
1386560336543707137	BORN4WIN	2021-04-26 05:58:39+00:00	en	#Oscars 2021  Best Actor: Anthony Hopkins  Best Actress: Frances McDormand  Best Picture: Nomadland  Best Director: Chloe Zhao  Best Int'l Feature Film: Another Round  Best Supporting Actor: Daniel Kaluuya  Best Supporting Actress: Youn Yuh-jung  Best Original Song: Fight for You
1386560280482680832	RhodeToLove	2021-04-26 05:58:26+00:00	en	actor winner age stats:  - Anthony Hopkins is the oldest Best Actor winner - Frances McDormand is the third oldest Best Actress winner - Youn Yuh-jung is the third oldest Best Supporting Actress winner - Daniel Kaluuya is the 7th youngest Best Supporting Actor winner
1386559998323421188	amist_1211	2021-04-26 05:57:19+00:00	en	Youn Yuh-jung just won the Best Supporting Actress Oscar and that's the question the interviewer asked her???!!! smh  Her expression said it all and answered w aplomb "I didn't smell him. I'm not a dog." Queen indeed ‚úä  https://t.co/ohBI8YNMdC
1386559820749103106	catale7a	2021-04-26 05:56:36+00:00	en	@TIFF_NET I was expecting #Oscars  for either Youn Yuh-jung or Alan S. Kim  Both were perfect, and very real in their respective roles
1386559479802695680	Thinkjitu_Fun	2021-04-26 05:55:15+00:00	en	Oscars 2021 ‚Äì Asked What Brad Pitt Smells Like, Youn Yuh-jung Kills It. Her ROFL¬†Reply https://t.co/s5isvgw8HN
1386559291671425024	DriesBelet	2021-04-26 05:54:30+00:00	en	Congrats to Youn Yuh-jung in the South Korean film 'Minari' for winning best supporting actress! üá∞üá∑ cinema continues to receive well-deserved international praise.
1386558904084140034	AKlay19	2021-04-26 05:52:58+00:00	en	Some #Oscars takes:  Good: NOMADLAND Youn Yuh-jung THE FATHER in Adapted Screenplay SOUND OF METAL Daniel Kaluuya PROMISING YOUNG WOMAN  Bad: No bad winners, just a bad ceremony  Wow: Anthony Hopkins over Chadwick Boseman!!! (Still deserved) MANK in Cinematography "Fight For You"
1386478742109818881	NextBestPicture	2021-04-26 00:34:26+00:00	en	Here are the winners from the 2021 #Oscars (UPDATED) #AcademyAwards #AwardsSeason #FilmTwitter https://t.co/YoEOzvY878
1386558272564457475	belyla	2021-04-26 05:50:27+00:00	en	Eeeeso chingaaaa üëèüëèüëèüëè  Youn Yuh-jung ‚ù§Ô∏è #Oscars https://t.co/o7xgb6MUPn
1386558181430632452	JungwooSohn	2021-04-26 05:50:06+00:00	en	I am glad Chlo√© Zhao and  Youn Yuh-Jung won Oscars but I really think Chadwick Boseman deserved one too.
1386557862613164033	YonhapNews	2021-04-26 05:48:50+00:00	en	(2nd LD) S. Korean Youn Yuh-jung of 'Minari' wins best supporting actress Oscar https://t.co/DJ4xAIRXlt
1386557814533939201	hmidimounir658	2021-04-26 05:48:38+00:00	en	'Minari' Best Supporting Actress Youn Yuh-jung meets Glenn Close | etalk https://t.co/RCY9XiV7j6 via @YouTube
1386557809907572739	safianatalya22	2021-04-26 05:48:37+00:00	en	Youn Yuh-jung‚Äôs speech was my favorite thing of the night!!üòÖ‚ù§Ô∏è #Oscars
1386557250911694848	TheDiaristPh	2021-04-26 05:46:24+00:00	en	Youn Yuh-jung Is First Korean To Win Oscar For Best Supporting Actress https://t.co/LxUgT6b9cS
1386556675818016770	superrrsara	2021-04-26 05:44:07+00:00	en	LOL I love Youn Yuh-Jung ü§£
1386501483210944515	FilmUpdates	2021-04-26 02:04:48+00:00	en	Youn Yuh-jung‚Äôs #Oscars acceptance speech for the Academy Award for Best Supporting Actress in Minari üå± https://t.co/5xFeU35183
1386556470984994817	margianta	2021-04-26 05:43:18+00:00	en	Youn Yuh-Jung: actress with &gt;50 years career. What the media asks her: Brad Pitt's smell?  As asians, we relate to these undermining gaze from western people. Invalidated in the spotlight, overlooked &amp; under-represented.  But YYJ handled it gracefully with class. As should we.
1386510663036530689	Variety	2021-04-26 02:41:16+00:00	en	#Minari star and Oscar winner Yuh-Jung Youn responds to a question about what Brad Pitt smells like: "I didn't smell him, I'm not dog" https://t.co/ovtJy4btWT https://t.co/xfBI8BVg8m
1386556285966032896	hidalgodionar	2021-04-26 05:42:34+00:00	en	Youn Yuh-jung #Oscars https://t.co/NlQ1N3saMu
1386556258057035776	_hyekyolove	2021-04-26 05:42:27+00:00	en	#SongHyeKyo congratulating her teacher Youn Yuh-jung. üç´üåπ‚ù§Ô∏è‚ù§Ô∏è‚ù§Ô∏è https://t.co/gR2ylDL5je
1386555830204522501	Telegraph	2021-04-26 05:40:45+00:00	en	Vanessa Kirby missed out on the Best Actress award to Frances McDormand.  Olivia Colman was overlooked for the Best Supporting Actress award as Youn Yuh-Jung became the first Korean to win the prize for her role in Minari
1386555732368125954	njytolentino	2021-04-26 05:40:22+00:00	en	Maui Taylor's more than being chased by a giant penis.  So I guess ilang degrees of separation na lang tayo kay Oscar Winner Youn Yuh-jung?
1386551230361743360	kristinepatag	2021-04-26 05:22:28+00:00	en	TIL: Oscar-winner Youn Yuh-Jung and PH‚Äôs Maui Taylor were in a 2012 thriller erotica Korean film together.  Cc: @othersashas who told me to post this here. https://t.co/yYExQA91TO
1386555667314479105	moviesndtv	2021-04-26 05:40:06+00:00	en	#Oscars2021 - Asked What #BradPitt Smells Like, Youn Yuh-jung Kills It. Her ROFL Reply  https://t.co/6yU6pfUkEG https://t.co/OVbqkN3hf5
1386555479107596293	ShutDa_Ur_Mouth	2021-04-26 05:39:21+00:00	en	Youn Yuh-jung in post Oscars interview: "The only director that I didn't badmouth was Lee Issac Chung" üòÇ  She roasted every single directors that she worked with before, because they asked her to take hard rolesüòÇ  #Oscars #Minari #YounYuhJung #YuhJungYoun https://t.co/n0ZoesGVTC
1386555346357932033	docching23	2021-04-26 05:38:50+00:00	en	Congratulations Youn Yuh-jung on winning Oscars 2021 Best supporting actress!!! üòçüëèüëèüëè
1386555147694841858	StarDiviner13	2021-04-26 05:38:02+00:00	en	After tonight, can the Oscars just please fuck off? You think by doing doing three good things (Chloe Zhang, Daniel Kaluuya and Youn Yuh-jung) makes up for not giving Chadwick Boseman and Oscar and exploiting his death and legacy? No it doesn't. Still racist #Oscars2021
1386555134281461761	Novocinemas_Omn	2021-04-26 05:37:59+00:00	en	üôåüèª The first Asian actress to win an #Oscar since 1957 and the second in history.  Congratulations to Youn Yuh-Jung, winner for Best Supporting Actress at this year‚Äôs Oscars. üå±üíö#Minari is now showing at #NovoCinemas! Book your tickets today - https://t.co/UxcschyHCs https://t.co/NyfXNYSQsc
1386555097623109634	soheykyo	2021-04-26 05:37:50+00:00	en	Congratulations to the Nation‚Äôs Halmeoni now to be known as our Global Halmeoni, Youn Yuh-jung, for winning the #Oscar for best supporting actress üèÜ A single mom, divorcee, whom Korea shun when she got back from the US after her divorce. This award is her big EFF YOU!üñïüèº https://t.co/ACA7xtdJ5F
1386554884028174336	om2kool	2021-04-26 05:36:59+00:00	en	@chhabs I don't deny that, but things are changing One look at this year's winners makes it clear. Daniel Kaluuya won, Youn Yuh-Jung won, a good amount of awards for Ma Rainey's Black Bottom For 2 Years now, we haven't had #OscarsSoWhite I feel people should appreciate the change
1386554520730312709	vegetableazu	2021-04-26 05:35:33+00:00	en	frances mcdormand y youn yuh-jung? peronistas https://t.co/kokpjPgiYZ
1386554417881620481	JeremyHanna753	2021-04-26 05:35:08+00:00	en	The ceremony started off pretty strong with some good presenting by Regina King and great speeches by Daniel Kaluuya and Youn Yuh-jung. And the personal snippets about every nominee were interesting!
1386553730078703617	terr_peters27	2021-04-26 05:32:24+00:00	en	Brad Pitt Tears Up as He Watches Minari's Youn Yuh-jung Win Best Supporting Actress at the Oscars - People https://t.co/SWlZVAOaPo
1386553410053296130	saramimeonjeoda	2021-04-26 05:31:08+00:00	en	S. Korean Youn Yuh-jung of 'Minari' wins best supporting actress Oscar https://t.co/wuIwB3mPLX
1386553381045477387	GarciaCroft	2021-04-26 05:31:01+00:00	en	@9NEWS congrats Youn Yuh-Jung!!
1386553263101599744	saramimeonjeoda	2021-04-26 05:30:33+00:00	en	Oscar-winning Youn Yuh-jung adds to S. Korean actresses' accolades from prestigious film fests https://t.co/pQ9GpT5bGn
1386553208294629379	arirangtvnews	2021-04-26 05:30:20+00:00	en	‚ñ™ YOUN YUH-JUNG LANDS OSCAR  South Korean Youn Yuh-jung lands Oscar for Best Supporting Actress; first Korean actress to win Oscar  #Minari #Academy_Awards #YounYuhjung https://t.co/Pfm5nEI68L
1386553187499446276	taiikumenco	2021-04-26 05:30:15+00:00	en	Youn Yuh-jung üò≠üòÇ https://t.co/CXiWIqHgt4
1386553055857029121	NovoCinemas	2021-04-26 05:29:44+00:00	en	üôåüèª The first Asian actress to win an Oscar since 1957 and the second in history. Congratulations to Youn Yuh-Jung, winner for Best Supporting Actress at this year‚Äôs Oscars. üå±üíö Watch Minari NOW SHOWING on the big screen at Novo Cinemas. https://t.co/8H7cOOgjdn   #GulfFilm https://t.co/OVuTVu1ErG
1386553041319432196	thatjenny	2021-04-26 05:29:40+00:00	en	Loved anything Glenn Close and Youn Yuh-jung acceptance speech! I missed the clips &amp; montages. I mean it‚Äôs about films, show them. Did appreciate the focus was on acceptance speeches. Yeah it‚Äôs crazy with Chadwick Bosman. Should‚Äôve won way before with GET ON UP. #Oscars
1386552862570807297	HayDayKim	2021-04-26 05:28:58+00:00	en	Youn Yuh-jung compared the pressures and demands of her @MinariMovie press tour to that of a pro athlete.   Adds yet another layer to how much effort went into protecting and spreading the important message of this film.   Incredible she was able to do this in Korean &amp; English. https://t.co/GLuOiDY8zC
1386552597071368193	Iebonheurr	2021-04-26 05:27:54+00:00	en	the most shallow thing a reporter can ask oscar winner youn yuh-jung is what brad pitt smelled like but her response to this stupid question is god-tier https://t.co/J6oczzUPvl
1386552581166612480	CBS47	2021-04-26 05:27:50+00:00	en	Youn Yuh-jung is the second Asian actress to win in the category, more than six decades after Japanese-born Miyoshi Umeki earned the trophy for 1957‚Äôs ‚ÄúSayonara.‚Äù  https://t.co/3X1mbuf3O8
1386552317189705729	KSEE24	2021-04-26 05:26:47+00:00	en	Youn Yuh-jung, the feisty grandmother in ‚ÄúMinari,‚Äù has won the best supporting actress award at the Oscars.   https://t.co/gR0ECH7Npj
1386551796047433728	DrMatthewSweet	2021-04-26 05:24:43+00:00	en	Delighted to wake up to discover that Youn Yuh-jung won her Oscar, flirted with Brad Pitt and corrected his pronunciation of her name.
1386505476662235140	TheAVClub	2021-04-26 02:20:40+00:00	en	Watch Youn Yuh-jung‚Äôs delightful acceptance speech for Best Supporting Actress #Oscars https://t.co/yyySYaiGph
1386551742993678339	zg4ever	2021-04-26 05:24:31+00:00	en	Is Anyone Else Obsessed With Youn Yuh-Jung? And the Oscar for flirting with Brad Pitt goes to‚Ä¶  https://t.co/DIevMrAjEm
1386551731497185280	1Firstfruit	2021-04-26 05:24:28+00:00	en	I am an avid watcher of Asian dramas and movies. Youn Yuh-jung is one of my faves. If she signs on for a project, I am usually there because she is discerning about her roles. I
1386545144040673289	VanityFair	2021-04-26 04:58:17+00:00	en	That‚Äôs Academy Award winner Yuh-Jung Youn to you. The actress with her statuette at the V.F. #Oscars portrait studio.  Photographed by @QUILLEMONS In partnership with @TheAcademy üîó: https://t.co/mvtdzWCVMF https://t.co/WZVxcaNzCl
1386551657320833034	FOX61News	2021-04-26 05:24:10+00:00	en	Youn Yuh-jung wins best supporting actress Academy Award https://t.co/Rmng0gxOtF
1386551643492204547	daisyguevaravo	2021-04-26 05:24:07+00:00	en	I LOVE HER!!   Youn Yuh-jung is legendary in South Korea! So talented and she has just a wonderful spirit, she's beautiful!   So happy for this Queen!
1386498891818938369	TIFF_NET	2021-04-26 01:54:30+00:00	en	The first Asian actress to win an Oscar since 1957 and the second in history.  Congratulations to Youn Yuh-jung, winner for Best Supporting Actress at this year's #Oscars https://t.co/oBPItGQXJC
1386551641520881667	zg4ever	2021-04-26 05:24:06+00:00	en	How Mums Won the 2021 Oscars, From Youn Yuh-jung to a Pregnant Emerald Fennell "This is the result‚Äîbecause Mommy worked so hard," Youn Yuh-jung told her children from the Oscars stage while brandishing her gold statuette. https://t.co/j13MqzTnSu
1386551446963896320	adamncheek	2021-04-26 05:23:20+00:00	en	(continued)  Best Actress - Frances McDormand  Supporting Actress - Youn Yuh-Jung  Adapted Screenplay - The Father  Sound - Sound of Metal  Cinematography - Mank
1386551245784043520	whatadame	2021-04-26 05:22:32+00:00	en	She is amazing. And congratulations Youn Yuh-jung!
1386505674822230017	GlamourMagUK	2021-04-26 02:21:27+00:00	en	The best moment of the night. Hands down. #Oscars2021 https://t.co/ejG1KrZZx9
1386551230361743360	kristinepatag	2021-04-26 05:22:28+00:00	en	TIL: Oscar-winner Youn Yuh-Jung and PH‚Äôs Maui Taylor were in a 2012 thriller erotica Korean film together.  Cc: @othersashas who told me to post this here. https://t.co/yYExQA91TO
1386551119967518720	cerzej	2021-04-26 05:22:02+00:00	en	Get Youn Yuh-Jung a Marvel contract challenge
1386551025671102468	JSlamboni	2021-04-26 05:21:40+00:00	en	Yuh-Jung Youn   Be humble, know joy, be authentic and in the moment as she Jung / Youn , Yuh-Jung Youn truly showed us all. #YunJungYoun
1386550910222966787	duyeonkim	2021-04-26 05:21:12+00:00	en	Huge congrats to actress Youn Yuh-jung üëèüëèüëè I remember watching her on Korean TV dramas and films since my childhood. Always no nonsense, bad @$$, and extremely talented. Her Korean humor comes through pretty well in English in her acceptance speech. #Oscars
1386501483210944515	FilmUpdates	2021-04-26 02:04:48+00:00	en	Youn Yuh-jung‚Äôs #Oscars acceptance speech for the Academy Award for Best Supporting Actress in Minari üå± https://t.co/5xFeU35183
1386550900731174913	HerschHerschel2	2021-04-26 05:21:10+00:00	en	@ZacariasM I feel like Youn Yuh-Jung‚Äôs acceptance speech was pretty on point. ‚ÄúI don‚Äôt like competition.‚Äù Ultimately there is something fundamentally odd about turning film/acting into a competition.
1386550855231438851	esternnp	2021-04-26 05:20:59+00:00	en	@TIFF_NET She's so beautiful ‚ù§Ô∏è congratulations Youn Yuh-jung!
1386550627799506946	LiuHongin	2021-04-26 05:20:05+00:00	en	Republic of Korean actress Youn Yuh-Jung won the Best Supporting Actress Award for the first time in Korea at the 2021 Oscar Award. #younyuhjung https://t.co/Nu5xJV5UuF
1386550245476102145	aldrinibikini	2021-04-26 05:18:34+00:00	en	Youn Yuh-jung‚Äôs #Oscars speech though üòÇüôåüèºüëèüèº  Gosh I have to watch Minari na!
1386550209652486147	imajikataa	2021-04-26 05:18:25+00:00	en	@djkevlar The question from Extra was weird af. Fortunately Youn Yuh-Jung answered it smartly! Def a queen üëë
1386550153717366784	BeckyLehmann	2021-04-26 05:18:12+00:00	en	Honorable mentions to Youn Yuh-jung's "I'm luckier than you" line and to Amanda Seyfried's big red dress taking so much visual background space.
1386549927678025742	WAD_Camb	2021-04-26 05:17:18+00:00	en	Youn Yuh-jung and Brad are the new Jen and Brad https://t.co/8D2QbIMnsC
1386549363028152320	decider	2021-04-26 05:15:03+00:00	en	"It's nice to meet you. Where were you while we were filming?" Youn Yuh-jung using her Oscar acceptance speech as her chance to hit on presenter (and #Minari EP) Brad Pitt: https://t.co/5XBdynaJXz #Oscars https://t.co/MVDNoJNHrG
1386549308791484419	ReyRey__	2021-04-26 05:14:50+00:00	en	Replace Elon Musk with Youn Yuh-jung
1386548760226975744	KMcCrock	2021-04-26 05:12:39+00:00	en	I officially stan Youn Yuh-jung
1386548278205030401	Gymallthetime	2021-04-26 05:10:45+00:00	en	Congratulations to Youn Yuh-jung on her Oscar win! https://t.co/6qsDnKeq4i
1386548183363252229	goldshift_	2021-04-26 05:10:22+00:00	en	Youn Yuh-jung‚Äôs sidereal ‚ôäÔ∏é ‚òΩ in the ƒÄrdrƒÅ ìÑº (‚òä) nak·π£atra really shines through in the rahuvian-themed Minari, where she portrays an immigrant grandmother (‚òä ‚òΩ) who teaches her grandson to play card games (‚ôäÔ∏é) and plant minari seeds for resilience and prosperity (‚òä). https://t.co/wne01VTOac
1386547893121654784	shiineener	2021-04-26 05:09:13+00:00	en	Humorous speech as always! Well deserved win to Youn Yuh-Jung!! And to @MinariMovie, congrats to all the wins!!
1386501244588593158	ABC	2021-04-26 02:03:51+00:00	en	Best Supporting Actress Winner Yuh-Jung Youn's acceptance speech was hysterical. Watch the full thing: https://t.co/sdgeoBK7lX #Oscars https://t.co/AOaRzPqT1k
1386547873358225413	jumelguiso	2021-04-26 05:09:08+00:00	en	a frances mcdormand e a youn yuh-jung ‚ù§Ô∏èü•∞‚ù§Ô∏èü•∞‚ù§Ô∏èü•∞‚ù§Ô∏èü•∞‚ù§Ô∏èü•∞ https://t.co/FWX91pqKRZ
1386547817775132672	booqienights	2021-04-26 05:08:55+00:00	en	youn yuh-jung, daniel kaluuya and frances mcdormand together is all i needed https://t.co/6HHRf2Dkxf
1386547761164603397	stephsabraw	2021-04-26 05:08:41+00:00	en	Asian Twitter, can we celebrate Youn Yuh-jung &amp; Chlo√© Zhou forever? https://t.co/A1640hs1BP
1386547454657581058	EmmanuelAning10	2021-04-26 05:07:28+00:00	en	Youn Yuh-Jung Wins Best Supporting Actress Academy Award https://t.co/CqvNpzNeVl https://t.co/D555zhYkI7
1386547309245177856	DirjenAntiAging	2021-04-26 05:06:53+00:00	en	HISTORY! First time Korean actress won  best supporting actrees category, Youn Yuh-jung  KEREN! &amp; Congrats   #Oscars#Korea #Minari
1386547174108893187	ShutDa_Ur_Mouth	2021-04-26 05:06:21+00:00	en	Youn Yuh-jung, Daniel Kaluuya, Frances McDormand,  Their speeches were witty, amazing, hilarious, and only best parts of speeches  #Oscars https://t.co/gDG8QEo5Br
1386546720322908162	schmandice	2021-04-26 05:04:33+00:00	en	P.S. Damn COVID for denying @ChrisEvans the chance to help Youn Yuh-Jung up to the stage https://t.co/THauwIa2xL
1386546605537513472	buticut	2021-04-26 05:04:06+00:00	en	I feel like Youn Yuh-jung is now having second thoughts on her love for Brad Pitt.
1386536756779040768	voxdotcom	2021-04-26 04:24:58+00:00	en	From left to right:  Best Supporting Actress Academy Award winner Youn Yuh-jung Best Supporting Actor Academy Award winner Daniel Kaluuya Best Actress Academy Award winner Frances McDormand  #Oscars2021 https://t.co/jgstgh8e0d https://t.co/WFMGwY8dks
1386546330735058949	jeongminnkim	2021-04-26 05:03:00+00:00	en	Part of me wishes North Korean state media would jump in and congratulate Youn Yuh-jung just so I can gush about her win in my beat
1386546083371773952	jiangomez	2021-04-26 05:02:01+00:00	en	Super happy for Youn Yuh-Jung ‚ò∫Ô∏è year after year step ang Korea
1386545872373264384	papertaehyung	2021-04-26 05:01:11+00:00	en	Well deserved win, Youn Yuh-jung! üëèüèºüëèüèºüëèüèº Congratulations!!üçæüéàüéä #Oscars #Minari
1386545839514980353	TheIndyFilm	2021-04-26 05:01:03+00:00	en	Youn Yuh-jung calls out Hollywood for mispronouncing her name while accepting Oscar https://t.co/77YtDoWxA9
1386545062570463232	DannyBaram	2021-04-26 04:57:58+00:00	en	Okay, caught up on the #Oscars. I was so happy for a lot of the winners - including but not limited to Nomadland/Chloe Zhao, Emerald Fennell, Youn Yuh-jung, and more. I can't begrudge Hopkins winning either because he was phenomenal in The Father.  But the show itself ... üò¨üò¨üò¨
1386544859540955140	thepinkzs	2021-04-26 04:57:09+00:00	en	seeing youn yuh-jung meeting everyone really melts my heart ü•∫
1386544727370059777	etnow	2021-04-26 04:56:38+00:00	en	Zendaya and Youn Yuh-jung stun in new post-#Oscars portraits.   (üì∏: QUILLEMONS for Vanity Fair) https://t.co/mbs30Y93eC
1386544540958568448	fullofhype	2021-04-26 04:55:53+00:00	en	LIVE: Youn Yuh-Jung asked Brad Pitt, who was the executive producer of Minari, that he put up more money next time they make a film. Brad Pitt told her that he'll put up a "little" more.  (Korean Press Conference: https://t.co/dIsk9NgmPF)
1386544524340588546	igebangtan	2021-04-26 04:55:50+00:00	en	and my mom told me to watch Youn Yuh-jung's latest TV Show called Youn's stay.   ok i'm so excited to watch
1386544482301014016	consumingcinema	2021-04-26 04:55:39+00:00	en	On a more positive note, both Daniel Kaluuya and Youn Yuh-Jung totally killed their speeches so hard so all was not lost
1386544271864606721	Bushumaa	2021-04-26 04:54:49+00:00	en	My fav person was the cute Korean Aunty, Youn Yuh-Jung who was hilarious during her speech and the first Asian to win the category   #Oscars
1386544061952135169	igebangtan	2021-04-26 04:53:59+00:00	en	so Youn's Kitchen is my favorite and also my mom's favorite TV show. and i told my mom that Youn Yuh-jung wins the Oscars. she was v happy to hear that....
1386543902874800130	heyrolen_	2021-04-26 04:53:21+00:00	en	Congratulations Youn Yuh-jung! Last time Brad Pitt got called out this loud was when he was with Angelina Jolie in a night in Nigeria
1386506325614530562	MTV	2021-04-26 02:24:02+00:00	en	Not only did Youn Yuh-jung give an increeeedible speech ‚Äì but by winning Best Actress in a Supporting Role at the #Oscars, she became the first Asian actress since 1957 (and first South Korean actress ever!) to do so! https://t.co/AKUzNAM7Sg
1386543822453149696	notyourdarlin9	2021-04-26 04:53:02+00:00	en	After Parasite and now Youn Yuh-Jung win Best Supporting Actress at The Oscars. South Korea‚Äôs biz conquer the world banget ini sih. Gokeeeel seh wey.
1386543750747508736	ahga6ix1	2021-04-26 04:52:45+00:00	en	I hope Youn Yuh-Jung came to this award season with only empty suitcases because this queen has won just about every single supporting actress award! I'm so happy for her!
1386543351537745931	BritishVogue	2021-04-26 04:51:10+00:00	en	‚ÄòMinari‚Äô co-stars, with Youn Yuh-jung in Marmar Halim and Han Ye-ri in custom @LouisVuitton, are the perfect dazzling duo: https://t.co/Gi7724rg12 https://t.co/uXojpytVfE
1386543295074025473	Strangeskulll	2021-04-26 04:50:56+00:00	en	So happy for Chlo√© Zhao for her movie Nomadland and Youn Yuh-jung for best supporting actress in Minari! I can't wait to finally see these movies üò≠
1386542986821996549	pfinger18	2021-04-26 04:49:43+00:00	en	@JorCru this is a good idea, but Youn Yuh-jung would also be an excellent choice
1386542786254565376	pierceconran	2021-04-26 04:48:55+00:00	en	From Lee Byung-hun's instagram, celebrating Youn Yuh-jung's Academy Awards win:   "Impossible is not a fact, it‚Äôs just an opinion".  One class act celebrating another. #Oscars https://t.co/EeFBF3EkVG
1386542498584023041	SmudgerCoa	2021-04-26 04:47:47+00:00	en	I Dare Anyone to Top Youn Yuh-jung's Oscar Speech https://t.co/Rhd0ko674z via @jezebel
1386542494079279105	newlinenews	2021-04-26 04:47:45+00:00	en	Miyoshi Umeki ("Sayonara") in 1958 and Youn Yuh-jung ("Minari") in 2021. 63 years. The only two asian actresses to win an Academy Award for Best Supporting Actress. #Oscars https://t.co/N7AxLetGFv
1386542413825466373	FilmUpdates	2021-04-26 04:47:26+00:00	en	Regina King, Amanda Seyfried, Angela Bassett, Youn Yuh-jung and Yeri Han have made the list of Vogue's Best Dressed. #Oscars https://t.co/sAFG8fwg8b
1386542177841385472	k_hjviva	2021-04-26 04:46:30+00:00	en	Congratulations!  ‚òÜYoun Yuh-Jung‚òÜ #Ïú§Ïó¨Ï†ïÎ∞∞Ïö∞Îãò #Ïò§Ïä§Ïπ¥ÏÉÅ #Minari https://t.co/ugaOyjXcmL
1386542071188660224	noureendewulf	2021-04-26 04:46:05+00:00	en	Youn Yuh-jung‚Äôs speech was so perfect and hilarious üòç
1386541936392159237	republic	2021-04-26 04:45:32+00:00	en	Oscars 2021: Chloe Zhao &amp; 'Minari' actress Youn Yuh-Jung make history on the global stage https://t.co/92tkUaiO0j
1386541612914860032	JuanRod_52	2021-04-26 04:44:15+00:00	en	Por eso amo a Youn Yuh-jung #Oscars
1386525441138233348	IndieWire	2021-04-26 03:40:00+00:00	en	Backstage at the #Oscars, "Minari" star Yuh-Jung Youn talks about her interaction with Brad Pitt post-win: "I didn't smell him. I'm not a dog." https://t.co/QKyqRFSG8x https://t.co/tmfe37pKRG
1386541515942420481	debalter	2021-04-26 04:43:52+00:00	en	@cher Youn Yuh-jung
1386541497928065024	FarahAndrews	2021-04-26 04:43:48+00:00	en	Frances McDormand and Youn Yuh-jung are all of us here  #DanielKaluuya https://t.co/lqwPLgoGlS
1386541271079165952	Jungie26	2021-04-26 04:42:54+00:00	en	@kilnfiendpotter Chlo√© Zhao won Best Director and Best Picture. And Youn Yuh-jung won Best Supporting. Good night for Asian women.
1386541241093984257	KorEmbNigeria	2021-04-26 04:42:47+00:00	en	Congratulations on Actress Youn winning award by the movie " Minari" Youn Yuh-jung wins best supporting actress award at Oscars  https://t.co/TZwFZ2QkFU
1386541069370753031	Lucas_Wyrsch	2021-04-26 04:42:06+00:00	en	Youn Yuh-Jung Makes History As First Korean Actress To Win Oscar https://t.co/p3nJj42gc7
1386541043320070145	M_Reiterer	2021-04-26 04:42:00+00:00	en	#Oscars Congrats to #Korean movie ! Youn Yuh-jung best supporting actress,  nine year old Alan Kim break out star of #Minari dancing on red carpet #StopAsianHate
1386540983853064192	Caro_the_Crab	2021-04-26 04:41:45+00:00	en	I love her! Congrats Youn Yuh-jung!
1386501483210944515	FilmUpdates	2021-04-26 02:04:48+00:00	en	Youn Yuh-jung‚Äôs #Oscars acceptance speech for the Academy Award for Best Supporting Actress in Minari üå± https://t.co/5xFeU35183
1386540801778458625	BillyRocks_13	2021-04-26 04:41:02+00:00	en	Lee Byung Hun IG update Congratulating veteran Actress Youn Yuh-jung on her Best Supporting Actress win at #Oscars   "Impossible is not a fact. It's just an opinion." True said.üëè  #YounYuhJung #LeeByungHun #Ïù¥Î≥ëÌóå https://t.co/tkXddU2jZU
1386540707733590019	joshjonsmith	2021-04-26 04:40:40+00:00	en	Someone asked best supporting actress winner Youn Yuh-jung what Brad Pitt smells like https://t.co/bzDn2N3tfZ https://t.co/3yakxKi2Cs
1386540153330675716	DunyaNews	2021-04-26 04:38:27+00:00	en	Youn Yuh-jung wins best supporting actress Oscar for 'Minari' https://t.co/c8Xp44Q3t1 https://t.co/0kttFPuFq6
1386540056572166151	ST_LifeTweets	2021-04-26 04:38:04+00:00	en	Chloe Zhao and Youn Yuh-jung make history at 2021 Oscars https://t.co/uoa7PcjqIC
1386539972069580803	Kathy__Gee	2021-04-26 04:37:44+00:00	en	On the other hand, I was delighted to see the wins for Chloe Zhao as best director, Nomadland as best picture, and the wonderful Youn Yuh-jung as best supporting actress.
1386539415154003973	adatseng	2021-04-26 04:35:31+00:00	en	Haha damnit my tweets - about Asian parenting, mocking Brad Pitt - would have been much better if I spelled it Youn Yuh-jung properly instead of Yuh-Jung Youn, but not that great at live tweeting. Let's just consider ourselves lucky I made fun of Brad Pitt in timely manner. ü§∑üèª‚Äç‚ôÄÔ∏è
1386539218927816711	pileckis	2021-04-26 04:34:45+00:00	en	@BuzzFeedNews Probably the best speech of the night, alongside Youn Yuh-jung's acceptance speech.
1386539107883487236	HashtagK_twt	2021-04-26 04:34:18+00:00	en	Here is #YuhJungYoun's #Oscars acceptance speech!   Youn Yuh-Jung won Best Supporting Actress at 2021's Oscars for her #Minari worküåü   #Korean #Actress #Oscar2021 https://t.co/e0WXcfGH7o
1386539003743150081	ALihalakha	2021-04-26 04:33:53+00:00	en	Minari depicts the immigrant story in a raw and beautiful way. Youn Yuh-jung's performance moved me to tears. If you haven't seen this film, do. https://t.co/TmnX2jHMXM
1386538961191854080	MAXIEM00Z	2021-04-26 04:33:43+00:00	en	youn yuh-jung won best actress in a supporting role that makes me so happy
1386538702814412804	into_esbiwanayn	2021-04-26 04:32:42+00:00	en	Well-deserved! Youn Yuh-jung ÏÑ†ÏÉùÎãò was phenomenal in Minari!
1386501283457216514	GMA	2021-04-26 02:04:00+00:00	en	Best Supporting Actress Winner Yuh-Jung Youn's acceptance speech was hysterical. Watch the full thing: https://t.co/LsffGKAhao #Oscars https://t.co/a23mys9amE
1386538389617270785	Miner_Musings	2021-04-26 04:31:27+00:00	en	How terrific is Youn Yuh-jung‚ÅâÔ∏è https://t.co/Pztsz9oXsg
1386538176731389953	KTHLlSA	2021-04-26 04:30:36+00:00	en	yeah other interviewers better buck up and ask Youn Yuh-jung some good questions later on. she did not deserve that
1386537770894696448	c0smicpassi0n	2021-04-26 04:28:59+00:00	en	this is now a Youn Yuh-jung stan account btw
1386537617919934467	non_beenary	2021-04-26 04:28:23+00:00	en	Me and pixxa were BAWLING by the end of the movie üò≠ YOUN YUH-JUNG BEST SUPPORTING ACTRESS üò≠‚úäüèΩ https://t.co/S18MPKj1Ng
1386537491788873732	womenlovr	2021-04-26 04:27:53+00:00	en	you know minari is giving me the favourite vibes .... when they only gave olivia coleman the oscar and the favourite won nothing else.... and when they only gave Youn Yuh-jung the oscar and minari won nothing else https://t.co/Ljbinr0IE1
1386537390383280129	hi_lindaaa	2021-04-26 04:27:29+00:00	en	A fantastic piece written by @katxmoon on Oscar winner Youn Yuh-jung!!! üëèüëèüëèüèÜ
1386032165880729608	katxmoon	2021-04-24 18:59:54+00:00	en	I wrote about Yuh-jung Youn's Oscar frontrunner status and the Academy Awards‚Äô troubling history when it comes to recognizing Asian actors‚Äîas well as the changes that need to happen. thank you @nancywyuen @husbrian @CAPEUSA for speaking with me! https://t.co/3LFKy6sYJD
1386537366446301184	albertduic	2021-04-26 04:27:23+00:00	en	@iii_lonell @joshgad Tonight I gained a little more respect/admiration for Regina King, Tyler Perry, Youn Yuh-jung and Riz Ahmed. Not saying much as a lot have disappointed me tonight.
1386537261190180868	trespassingwill	2021-04-26 04:26:58+00:00	en	Like if it weren't for 1) Boseman being up for an award and the weird way they handled that and 2) McDormand's win you could not have picked a better batch of performances. Kaluuya, Hopkins, Youn Yuh-jung... all some of my favorite performances of the year!
1386537201131917314	willharmon8	2021-04-26 04:26:44+00:00	en	i don't mean any harm against Chloe Zhao, who directed the fuck out of Nomadland (which is also equally the dumbest BP winner we've had in a while), or Youn Yuh-jung who was maybe the best overall performance last year.
1386537096551096320	leahymichaelthe	2021-04-26 04:26:19+00:00	en	The Academy and I agreed seven times. Surprising that #Nomadland upstaged #PromisingYoungWoman. Youn Yuh-Jung of #Minari and #Soul's win were well-deserved. Anyone expecting #Mank to win more than just craftsmanship awards was delusional #Oscars #AcademyAwards2021
1386536918569996289	ellieracemoore	2021-04-26 04:25:36+00:00	en	Have it on GOOD authority Youn Yuh-jung and Brad Pitt have been dating for MONTHS and that was a scripted BIT
1386536839234863104	seaweedbrainpod	2021-04-26 04:25:17+00:00	en	we love youn yuh-jung and daniel kaluuya. great people who did great work and blew everyone else away, imo (even though lakeith stanfield is very good and so so pretty). i cannot express my love for that woman and the specific vitality she brought
1386536758406418434	grecobes	2021-04-26 04:24:58+00:00	en	#Oscar2021   Best Picture - Nomadland Best Director - Nomadland Best actor - Anthony Hopkins (The Father) Best actress - Frances McDormand (Nomadland)  Best supporting actor - Daniel kaluuya from judas &amp; the black messiah Best supporting actress - Youn Yuh-jung from minari (1/4) https://t.co/xuDixE2KUo
1386536756779040768	voxdotcom	2021-04-26 04:24:58+00:00	en	From left to right:  Best Supporting Actress Academy Award winner Youn Yuh-jung Best Supporting Actor Academy Award winner Daniel Kaluuya Best Actress Academy Award winner Frances McDormand  #Oscars2021 https://t.co/jgstgh8e0d https://t.co/WFMGwY8dks
1386536752211365888	tyilighty	2021-04-26 04:24:56+00:00	en	Actually not Yuh-Jung Youn... Youn Yuh-Jung plz
1386506750405210116	djkevlar	2021-04-26 02:25:44+00:00	en	Someone backstage just asked Yuh-Jung Youn what Brad Pitt smelled like.  "I didn't smell him, I'm not a dog."
1386535971529895937	thirstonline	2021-04-26 04:21:50+00:00	en	#Oscars2021: Minari‚Äôs Youn Yuh-Jung made history as the 1st Korean actor to win an Academy Award.   Haven‚Äôt watched #Minari? Read our review on the film, which was nominated for 6 #Oscars. https://t.co/mSuGf2H5MQ
1386535857851572231	filmoodotcom	2021-04-26 04:21:23+00:00	en	@CBIpictures We are delight to announce to you that Best Supporting Actress for Academy Awards 2021 is Youn Yuh-Jung ; our fav grandmom of MINARI. https://t.co/9gGrFEImoh
1386535793494093829	MikeInGL	2021-04-26 04:21:08+00:00	en	@questlove Thought I heard J5's welcome to the wonderful world of entertainment as Youn Yuh-jung got her Oscar from Brad Pitt...exceptional work.
1386535552590127108	MokinoID	2021-04-26 04:20:10+00:00	en	We are delight to announce to you that Best Supporting Actress for Academy Awards 2021 is Youn Yuh-Jung ; our fav grandmom of MINARI @CGV_ID @CBIpictures üíö https://t.co/y44t62lPH4
1386535490841571330	knockonthedor	2021-04-26 04:19:56+00:00	en	shout out to youn yuh-jung for being the first korean and second asian woman in oscar history to win best supporting actress in 'minari'
1386535125882740738	jinniethep0oh	2021-04-26 04:18:29+00:00	en	anyway, oscars recap:  Alan Kim is the best &amp; most charming person on this earth, Youn Yuh-jung literally made history &amp; is the undisputed loml, &amp; Steven Yeun  (&amp; Chadwick Boseman) were robbed &amp; I‚Äôm disappointed but tbh not surprised. goodnight. üò¥
1386534894101164032	brandonpromo	2021-04-26 04:17:33+00:00	en	Brad Pitt Dissed by Best Supporting Actress Winner Youn Yuh-jung https://t.co/0JXdiumomu #tmz #news #celebrity https://t.co/nuTZEF8jLs
1386534893673324554	themorningxatl	2021-04-26 04:17:33+00:00	en	Brad Pitt Dissed by Best Supporting Actress Winner Youn Yuh-jung https://t.co/bCrthgVNoD @tmz #tmz #entertainment https://t.co/lrA84X3bWd
1386534893480460290	Adetokumboh	2021-04-26 04:17:33+00:00	en	@cher Yes, Youn Yuh-jung was excellent.
1386534786899058693	Laurenm57	2021-04-26 04:17:08+00:00	en	Youn Yuh-jung makes history at the Academy Awards ‚Äî and finally meets Brad Pitt https://t.co/jd0cwWYUzf
1386534548876382209	marshallxyzzz	2021-04-26 04:16:11+00:00	en	A huge congrats to Youn Yuh-Jung ÏÑ†ÏÉùÎãò for her history-making Best Supporting Actress Oscar win!!!!   üá∞üá∑‚ù§Ô∏èüá∞üá∑‚ù§Ô∏èüá∞üá∑‚ù§Ô∏èüá∞üá∑  @MinariMovie  #YounYuhJung
1386534400347631617	TODAYonline	2021-04-26 04:15:36+00:00	en	Minari's Youn Yuh-Jung Is The First Korean To Win Oscar For Best Supporting Actress https://t.co/YZOQZM7TQO https://t.co/Os6tHgb7l6
1386534294550507523	the_jan_man	2021-04-26 04:15:11+00:00	en	Looked it up and Youn Yuh-jung is from the same area as my grandma so that‚Äôs why she sounds EXACTLY like her and then I cried a lil because I finally get to see her in a month
1386534277882417155	amoslim	2021-04-26 04:15:07+00:00	en	Very surprised for Tony Hopkins! Yay for Nomadland, Frances and Chloe! Love the Wolf call. Yay for Youn Yuh-Jung Love Questlove‚Äôs music not the cameramen panning unable to find the nominees.... But Glenn Close stole the night. Still surprised that she has not won an Oscar yet...
1386534267820199936	extratonnu	2021-04-26 04:15:04+00:00	en	I believe in Youn Yuh-jung supremacy
1386534136039440388	fillups44	2021-04-26 04:14:33+00:00	en	@Kevin_Jacobsen There were some nice bits, the physical intimacy of the space, Regina King in the beginning, Youn Yuh-jung‚Äôs speech, the director surprise in the early section, kind of worked in a good way. The galloping memorial &amp; BP being early not so much. It‚Äôs a tough gig!!
1386534135972257799	tweelarson	2021-04-26 04:14:33+00:00	en	I will die for Youn Yuh-Jung tho
1386533662452326405	BostonGlobe	2021-04-26 04:12:40+00:00	en	Youn Yuh-jung makes history at the Academy Awards ‚Äî and finally meets Brad Pitt https://t.co/VxWbDFVov0
1386533373175238660	_smashingTofu	2021-04-26 04:11:31+00:00	en	Paid a blip of attention to Oscars to see if Youn Yuh-jung won and she did! I can't say I'm a regular korean drama/variety/movie watcher but I've definitely grew up seeing her on the screen from to time, feels like I just watched my mom win an Oscar lol
1386533352878985217	cinemabravoph	2021-04-26 04:11:26+00:00	en	Asians making history at the #Oscars!  üèÜ Chlo√© Zhao ('Nomadland') is the first Asian woman to win the Oscar for Best Director.  üèÜ Youn Yuh-jung ('Minari') is the first Korean to win Best Supporting Actress at the Oscars.  Congratulations! https://t.co/WMgmZZ285G
1386533275456270336	holykdrama	2021-04-26 04:11:08+00:00	en	youn  yuh-jung  winning  the  oscar  for  best  supporting  role  actress  got  me  so  emotional  T‚ÄîT  she  deserves  this
1386533178769395715	jinniethep0oh	2021-04-26 04:10:45+00:00	en	remember when Youn Yuh-Jung won an Oscar &amp; then said ‚Äúthat‚Äôs not how you pronounce my name but imma let it slide‚Äù ??? that was legendary
1386533167239028738	LindsayBissett	2021-04-26 04:10:42+00:00	en	I didn‚Äôt watch the Oscars or any Oscar movies besides Onward, but this woman‚Äôs speech made my night.  Youn Yuh-jung is a queen. üôåüèª Humor, class and sincerity all in a beautiful, badass package.  https://t.co/5ddVdBbYQt
1386533129058279425	ekc5150yahoocom	2021-04-26 04:10:33+00:00	en	@Bradley7Pitt I hope you keep in touch with Youn Yuh-jung!  She‚Äôs so special!!!  You look FAB!!!  üåàüíúüåà
1386532907410464768	legslambert	2021-04-26 04:09:40+00:00	en	@atliberalandold Want to see Minari even more after Youn Yuh-jung's acceptance, which was possibly the best thing of the night.
1386532724631089154	BritishVogue	2021-04-26 04:08:56+00:00	en	The inimitable Youn Yuh-jung accepted her well-deserved Best Supporting Actress trophy for¬†Minari¬†from presenter ‚ÄúMr Brad Pitt‚Äù with a flirtatious, ‚ÄúNice to meet you, finally! Where were you when we were filming in Tulsa?‚Äù https://t.co/q4x1MerfCx
1386532262871805954	MehrAzinPaeezan	2021-04-26 04:07:06+00:00	en	If you‚Äôre an immigrant living far far away from your motherland @MinariMovie will hit home! Congratulations to Youn Yuh-Jung for winning the best supporting actress! #Ïú§Ïó¨Ï†ï #ÎØ∏ÎÇòÎ¶¨ #Ìï†Î®∏Îãà #Minari #Yougyuhjung #Minarimovie #leeisaacchung #StevenYeun  #Oscars2021 https://t.co/5KbugpcvJq
1386532125210382343	613tae	2021-04-26 04:06:33+00:00	en	ahhh congrats to youn yuh-jung!!! https://t.co/1umFeBIvaY
1386532094306783232	spring_saudade	2021-04-26 04:06:26+00:00	en	Watching Youn Yuh-jung's acceptance speech make me cry, I don't know why
1386531974140112896	jklstq	2021-04-26 04:05:57+00:00	tl	@giansrz Wala ring mga substance üò≠ ang dami-daming pwedeng itanong knowing how big this thing to Youn yuh-jung and the whole asian community tapos kung anong smell ng isang lalaki yung tinanung ksksks pick a struggle üò≠
1386531827347722241	RSQ20001	2021-04-26 04:05:22+00:00	en	Who was the idiot @extratv reporter who asked Youn Yuh-Jung what Brad Pitt smelled like?  Just as snappy as Grandma Soon-ja, she rightly replied "I'm not a dog!"  https://t.co/bcbJWoMDFn
1386531794351050753	suicydel	2021-04-26 04:05:14+00:00	en	In honor of Youn Yuh-jung's win, I, too, will not smell Brad Pitt because I'm not a dog.
1386531757365858305	BritishVogue	2021-04-26 04:05:06+00:00	en	"This is the result‚Äîbecause Mommy worked so hard," Youn Yuh-jung told her children from the Oscars stage while brandishing her gold statuette. https://t.co/Wo1kS6XEMG
1386531743826599936	InTheFame	2021-04-26 04:05:02+00:00	en	LOL! ‚ÄòMinari‚Äô Star Youn Yuh-jung Insists She Didn‚Äôt Smell Brad Pitt at the Oscars https://t.co/4ds0vyJMvU #BradPitt
1386531630907543553	kristinemreyes	2021-04-26 04:04:35+00:00	en	Congrats to Chloe Zhao, Youn Yuh-jung and H.E.R. on their #Oscars So amazing and proud to see Asian/Asian American women represented - and WINNING - on Hollywood's biggest stage tonight. Who's up next?
1386531575396028417	womenforme	2021-04-26 04:04:22+00:00	en	Anyway, the moral of the story is Youn Yuh-jung is who I want to be when I grow up. Goodnight. https://t.co/uLyTWGOeQX
1386530853426278400	eloinadiaz	2021-04-26 04:01:30+00:00	en	@jilevin She deserve it the Oscar. After  her whole life being an actress; now at 73 the Korean actress won the academy   For best supporting actress ‚ÄúYoun Yuh-Jung‚Äù
1386530798673612800	kelswid	2021-04-26 04:01:17+00:00	en	Best Picture: Minari Lead Actor: Chadwick Boseman Lead Actress: Viola Davis/Carey Mulligan tie Supporting Actor: LaKeith Stanfield Supporting Actress: Youn Yuh-jung Director: Lee Isaac Chung Original Screenplay: Judas &amp; the Black Messiah Adapted Screenplay: One Night in Miami
1386530780277395459	SEANeesBack	2021-04-26 04:01:13+00:00	en	Was busy all morning tweeting in my main account about the Oscars and yes!!! Academy Award winner,Youn Yuh-jung!!! https://t.co/yOTpNwocW7
1386530744101605381	kimanuel04	2021-04-26 04:01:04+00:00	en	Anyways, I'm very happy for Chlo√© Zhao, Daniel Kaluuya, Youn Yuh-jung, Soul, and Sound of Metal. üëèüëèüëè #Oscars
1386530555823591424	TheFilmSeeker	2021-04-26 04:00:19+00:00	en	No one would believe me if I said I predicted Youn Yuh-jung gushing over Brad Pitt during her acceptance speech, because it‚Äôs such a wildly specific thing to imagine that‚Äôs also now gone viral, but I swear on my life, the thought at least crossed my mind once before tonight.
1386530481420832775	elvicgallano	2021-04-26 04:00:01+00:00	en	from 1 of d best acceptance 2 me if the the best...just being luckier, award is from her hard work with motivations from her two sons. No doubt, our dear LSG is working hard so let us all PATIENTLY WAIT FOR HIS LUCK. Started Loving Youn Yuh-jung, King2hearts-bucket of tears!
