1386470039759605762	josematarodri	2021-04-25 23:59:51+00:00	en	Anthony Hopkins Forever #Oscars
1386470021367582728	talk_bed	2021-04-25 23:59:47+00:00	en	Comment below who will take the title for ACTOR IN A LEADING ROLE #rizahmed @chadwickboseman @AnthonyHopkins #garyoldman #stevenyeun https://t.co/ua5yjieS7Z
1386469989868257284	petermazurk	2021-04-25 23:59:39+00:00	en	@YorgosHelios @NME Ha ha ha . He was great but #anthonyhopkins just stunning
1386469956070658049	welshjaci	2021-04-25 23:59:31+00:00	en	OK I'm going Anthony Hopkins Best Actor, Emerald Best Original Screenplay, Nomadland for Best Cinematography, director, movie and actress.
1386469927851216905	rm7_sweet	2021-04-25 23:59:24+00:00	en	Mr. @AnthonyHopkins, you've been my favourite actor all the time.I really love your work, and believe me, that performance in the movie "the father" woow!!! You made me cry a lot,there are no one that deserves more the #Oscar2021 than you. To me you are the winner no matter what https://t.co/tE77pKyGjQ
1386469860092301322	BragsterJourno	2021-04-25 23:59:08+00:00	en	Olivia Colman is up for Best Supporting Actress for her role in The Father alongside Anthony Hopkins.  She said: "I'm usually in bed by now"
1762047812752015623	RobertsPohotoG	2024-02-26 09:31:50+00:00	en	This is worth seeing for all of us.
1386469802504511488	FilmsOnToday	2021-04-25 23:58:54+00:00	en	@TheAcademy 2021 my selected picks:  ğŸ”¸Picture: Nomadland ğŸ”¸Leading Actor: @AnthonyHopkins  ğŸ”¸Leading Actress: Frances McDormand ğŸ”¸Supporting Actor: @SachaBaronCohen  ğŸ”¸Supporting Actress: Olivia Colman ğŸ”¸Director: ChloÃ© Zhao ğŸ”¸Screenplays: Judas and the Black Messiah/The Father
1386469626268196866	TheatreofZen	2021-04-25 23:58:12+00:00	en	Looks like Anthony Hopkins stayed in the UK, smart.
1386469589450625025	radcliff8	2021-04-25 23:58:04+00:00	en	@AnthonyHopkins Oh Sir you are going to be ok . Donâ€™t worry about old age you are perfect. Know that you make so many folks happy with your words. Be happy you are much loved
1386469577211658240	JLCauvin	2021-04-25 23:58:01+00:00	en	My #Oscars ballot: Pic - Promising Young Woman (The Father and Sound of Metal runners up) Actor - Anthony Hopkins (Riz Ahmed runner up) Actress - Andra Day
1741444593730650536	getTheConqueror	2023-12-31 13:02:00+00:00	en	Challenge yourself to lose weight with Hadrianâ€™s Wall challenge!  Hadrianâ€™s Wall Virtual Challenge takes you 90mi (145km) starting at Wallsend and ending at Bowness-on-Solway, across the north of England.  Sign up now!
1386469571985608707	llewyndvs	2021-04-25 23:57:59+00:00	en	the father, minari, sound of metal, another round, anthony hopkins, carey mulliganğŸ¤ğŸ¤ğŸ¤ğŸ¤ğŸ¤ğŸ¤â¤ï¸ğŸ§¡ğŸ’›ğŸ’šğŸ’™ğŸ’œğŸ¤ğŸ–¤ğŸ¤â£ï¸ğŸ’•ğŸ’ğŸ’“ğŸ’—ğŸ’–ğŸ’˜ğŸ’ğŸ’ŸğŸ’ŸğŸ’ğŸ’˜ğŸ’–ğŸ’—ğŸ’“ğŸ’ğŸ’•â£ï¸ğŸ–¤ğŸ¤ğŸ¤ğŸ’œğŸ’™ğŸ’šğŸ’›ğŸ§¡ğŸ’ŸğŸ’ğŸ’˜ğŸ’–ğŸ’—ğŸ’“ğŸ’ğŸ’•â£ï¸ğŸ¤ğŸ–¤ğŸ¤ğŸ’œğŸ’™ğŸ’šğŸ’›ğŸ§¡ğŸ’ŸğŸ’ğŸ’˜ğŸ’—ğŸ’–ğŸ’“ğŸ’•ğŸ’â£ï¸ #Oscars #Oscars2021
1386469473478135811	lynne_kistler	2021-04-25 23:57:36+00:00	en	@jamiebgolden @OUAchievers We watched The Father today.  Anthony Hopkins was incredible.
1386469418352484359	JimmyPxter	2021-04-25 23:57:23+00:00	en	@InsaneLetterbox In the immortal words of Anthony Hopkins...  "They don't even speak English."
1386469221090177026	dpgcrimethink	2021-04-25 23:56:36+00:00	en	I adore Olivia Colman. â€œSir Anthony Hopkins should be in bed!â€ haha #royalty #Oscars
1386469197287469061	Marc_OLamarre	2021-04-25 23:56:30+00:00	en	Alright I'm calling some of the winners of tonight #Oscars  Best Picture will go to: "Judas and the Black Messiah" Actor in a leading role: Anthony Hopkins Actress in a leading role: Viola Davis Animated feature: Soul
1386469188538093571	elephantzae	2021-04-25 23:56:28+00:00	en	ATOR   1. Anthony Hopkins, "The Father"* 2. Chadwick Boseman, "Ma Rainey's Black Bottom"** 3. Riz Ahmed, "Sound of Metal" 4. Steven Yeun, "Minari" 5. Gary Oldman, "Mank" https://t.co/b5V3sStL8V
1386469170724937731	SamDykstraMiLB	2021-04-25 23:56:24+00:00	en	1. Nomadland 2. Minari 3. Judas and the Black Messiah 4. Sound of Metal 5. Mank 6. Promising Young Woman 7. Trial of the Chicago 7  Did not see (with apologies to Anthony Hopkins): The Father
1386469124864364544	HungerHuman	2021-04-25 23:56:13+00:00	en	The Academy @ Anthony Hopkins: https://t.co/xtYMKFruRH
1386469027900440660	willemdatoes	2021-04-25 23:55:50+00:00	en	Anthony Hopkins missing the Oscars and BAFTAS because he was painting in Wales &gt;&gt;&gt;&gt;&gt;&gt;&gt;&gt;&gt;
1386469020560359428	psycheddelicc	2021-04-25 23:55:48+00:00	en	JDJSJSK LET ANTHONY HOPKINS WINS THE OSCAR :(
1753584083794350325	BOXABL	2024-02-03 01:00:00+00:00	en	Check out this folding house ğŸ¤¯  Most car factories like Ford or Tesla reportedly build one car per minute. Isnâ€™t it time we do that for houses?
1386469015908933632	alexritman	2021-04-25 23:55:47+00:00	en	Olivia Colman on Anthony Hopkins not attending either the #Oscars or the BAFTAs.  "He should be in bed. He's 83."
1386468989824606208	drew__amber	2021-04-25 23:55:41+00:00	en	Anthony Hopkins didnâ€™t even show up to the London Oscar Event. Man doesnâ€™t give a fuck anymore ğŸ˜‚
1386468868147851267	KyleTurkGHT	2021-04-25 23:55:12+00:00	en	3. The Father. Anthony Hopkins would deserve Best Actor in any other year. Tough to follow sometimes, but that worked both for and against it. Really worth watching if you haven't.
1386468782579793924	eljoserra	2021-04-25 23:54:51+00:00	en	Actor in a Leading Role:  1. Chadwick Boseman 2. Anthony Hopkins 3. Riz Ahmed 4. Gary Oldman 5. Steven Yeun
1741444593713856912	getTheConqueror	2023-12-31 13:02:00+00:00	en	Challenge yourself to lose weight with the Jesus Trail challenge!  The Jesus Trail Virtual Challenge takes you on a 39-mile (63 km) journey from Nazareth to Capernaum, in Israel.   Sign up now!
1386468757812387841	tiannachantal	2021-04-25 23:54:45+00:00	en	@AnthonyHopkins Such a legend you are sir @AnthonyHopkins
1386468681723559937	censoresd	2021-04-25 23:54:27+00:00	en	best picture: nomadland ou minari best director: chloe zhao best actress: frances mcdormand best actor: anthony hopkins best supporting actress: youn yun-jung best supporting actor: daniel kaluuya  now watch me
1386468326889644032	Thisisgabie_	2021-04-25 23:53:03+00:00	en	Actor In A Leading: Anthony Hopkins #Oscars
1386468311773458432	scinuno	2021-04-25 23:52:59+00:00	en	Ator  1. Riz Ahmed 2. Chadwick Boseman 3. Anthony Hopkins 4. Steven Yeung 5. Gary Oldman  1. Daniel Kaluuya 2. Lakeith Stanfield 3. Paul Raci  4. Sacha Baron Cohen
1754438211999531306	Netwrix	2024-02-05 09:34:00+00:00	en	The new issue of Cyber Chief Journal is here!  This edition of Cyber Chief is crafted to aid cybersecurity leaders, compliance officers and IT professionals in understanding audit and regulatory frameworks, fortifying their defenses to meet requirements, and satisfying auditors.
1386468216478879744	SusanaLeyva	2021-04-25 23:52:36+00:00	en	@CNell_LA To address that concern: the director makes a choice that removes all sentimentality from it and keeps the film very urgent and raw. Anthony Hopkinsâ€™ performance is a tour de force, like Olivia deHavilland in The Heiress. And he did it at 83!
1386468178549788672	DanielFAVaz	2021-04-25 23:52:27+00:00	en	@NextBestPicture Anthony Hopkins and Vanessa Kirby win
1386468175131328513	Miles_Cox	2021-04-25 23:52:26+00:00	en	Best Actor - Who Should Win: Anthony Hopkins (The Father) Who Will Win: Chadwick Boseman (Ma Rainey's Black Bottom) Again, Boseman very deserving and should be honored for an incredible and too short career, but this is Hopkin's best work in my opinion. (6 of 9)
1386468128373288965	MariJulia	2021-04-25 23:52:15+00:00	en	Mi ranking de actor principal. #Oscars  1. Anthony Hopkins, The Father 2. Riz Ahmed, Soun of Metal 3. Gary Oldman, Mank 4. Chadwick Boseman, Ma Raineyâ€™s Black Bottom 5. Steven Yeun, Minari
1386468101550600193	MurrietOmar	2021-04-25 23:52:09+00:00	en	I'm stressed!! @AnthonyHopkins Vs #GaryOldman my acting idols!!  Memories of being at the @TheAcademy ceremony back in 2018 come to my mind.
1386468099025670145	JoyMitchell	2021-04-25 23:52:08+00:00	en	@ksorbs I'm going to watch because of "Nomadland" which I have not seen but like the story line shown in the trailer.  Also I'd like to see "The Father".  Does Anthony Hopkins have dementia or is his daughter driving him mad for ulterior motives. The rest I can live without .
1386468047356051460	BassamLFC	2021-04-25 23:51:56+00:00	en	Anthony Hopkins winning an Oscar tonight would be really great.
1386467823212503044	mabstir	2021-04-25 23:51:03+00:00	en	@AnthonyHopkins O boyo,Anthony,You've only gone and made me weep again in The Father.Havnt I suffered enough? ie, ShadowLands &amp; https://t.co/JRw1SCWDzj deserve another Oscar my manğŸ‘
1386467702013714440	miketransfi	2021-04-25 23:50:34+00:00	en	Anthony Hopkins or Chadwick Boseman for Best Actor. Just a guess. #Oscars
1386467639732498433	LincolnGraves	2021-04-25 23:50:19+00:00	en	I was able to see every nominee in the major categories. My picks for who I think SHOULD win.   Actress: Carey Mulligan Actor: Anthony Hopkins Sup. Actress: Yuh-Jung Youn Sup. Actor: Daniel Kaluuya Director: ChloÃ© Zhao Picture: Sound of Metal   #Oscar2021 #oscars
1386467614814257157	KyoExorsist	2021-04-25 23:50:13+00:00	en	@JLoRabbit Anthony Hopkins day?
1386467572468445187	lazyalfon	2021-04-25 23:50:03+00:00	en	@theniconicdao but....Anthony Hopkins
1386467552369512449	gokhandarcan	2021-04-25 23:49:58+00:00	en	I wish Anthony Hopkins will get his oscar as he finishes his new painting ğŸ™ğŸ»#skycinema #oscars
1386467544165408769	Fellowship_FATV	2021-04-25 23:49:56+00:00	en	Some of my Oscar predictions:   Best Picture: Nomadland Best Actress: Carey Mulligan  Best Actor: Anthony Hopkins  Best supporting Actress: Yuh-Jung Youn Best supporting Actor: Daniel Kaluuya Best Director: ChloÃ© Zao   #Oscars #Oscars2021
1386467512653471744	Juice_Blank	2021-04-25 23:49:48+00:00	en	#rxgreets have you seen the movie The Father by @AnthonyHopkins ? You really should!! Good morning guys and to all the rushers  @chicogarcia @Markkistroem @hazelhottie @ricaggg https://t.co/DXOJRZNayU
1386467365584465921	ZacFielding	2021-04-25 23:49:13+00:00	en	Best Actor: 1. Anthony Hopkins 2. Chadwick Boseman 3. Riz Ahmed = Steven Yeun 5. Gary Oldman
1741444593822945504	getTheConqueror	2023-12-31 13:02:00+00:00	en	Start losing weight with the Dia de los Muertos Challenge!  The Dia de los Muertos Virtual Challenge takes you on a 98mi(158km) circular journey, starting and ending in the heart of Oaxaca City.  Sign up now!
1386467119559217155	a_u_gustd	2021-04-25 23:48:15+00:00	en	I'm gonna be honest, if they give it to Anthony Hopkins and not gonna be mad cause this performance in The Father was brilliant.
1386467084616572933	NhlaEldeep	2021-04-25 23:48:06+00:00	en	anthony hopkins should win the Oscar, which wouldn't happen, but still he deserves it son much, he was fabulous in The Father!!
1386467071026941953	heaven_toniight	2021-04-25 23:48:03+00:00	en	anthony hopkins gave what could be the best lead male performance in 20 years.. and looks like my Pop who passed away recently.. i need him to win im sorry https://t.co/y0jPGDLi50
1386467049661214723	FarOutMag	2021-04-25 23:47:58+00:00	en	'Do Not Go Gentle Into That Good Night' read by #Oscars nominee Anthony Hopkins, whilst besides his fathers grave.   A touching moment from a brilliant man.  https://t.co/QazbNSWeIn
1748499580595957970	LeupoldOptics	2024-01-20 00:16:00+00:00	en	Built to outlast and outperform. Because at Leupold, failure is not an option.
1386466975744892932	ordatirxela	2021-04-25 23:47:40+00:00	en	@mavericksmovies Funny is, with that role? Chadwick is 3rd at best in the lineup. God bless his soul but Anthony Hopkins and Riz Ahmed, even Steven Yeun had better material than him.
1386466873584361475	jownlock	2021-04-25 23:47:16+00:00	en	anthony hopkins brilhou demais o homem disparou tanto em the father https://t.co/xa15n8fPIm
1386466824024313856	riteaparty	2021-04-25 23:47:04+00:00	en	Beautiful Words of Wisdom from Anthony Hopkins https://t.co/Xjt1vHURi5 https://t.co/qLvKDHw1l9
1386466492129021954	McHalesBitch	2021-04-25 23:45:45+00:00	en	If Anthony Hopkins wins tonight heâ€™ll be the oldest actor to win an #Oscars ğŸ¥º
1386367211342815233	arabeIIaessiedu	2021-04-25 17:11:15+00:00	en	jodie foster &amp; anthony hopkins at the 64th academy awards, 1992. https://t.co/F4sWAmcLvt
1386466443613646849	CriticallyTouch	2021-04-25 23:45:34+00:00	en	Iâ€™m almost certain the Best Actor trophy will go to Chadwick Boseman - but there will be some hall-of-fame Vox and Slate thinkpieces if it somehow ends up with Anthony Hopkins.
1386466282816561154	eru26	2021-04-25 23:44:55+00:00	en	@neuromanso Anthony Hopkins de Logan
1386466269516414978	SylnaZhinka	2021-04-25 23:44:52+00:00	en	@lipiroy @Forbes @AnthonyHopkins @SachaBaronCohen @TheAcademy @netflix @hulu @AMCTheatres Excellent article Dr. Roy! If you ever get tired of being a healer, you have a career as a film critic!
1752075392842694893	Huckberry	2024-01-29 21:05:00+00:00	en	The pants. The myth. The legend.
1386466195973591044	ShaheerZia1	2021-04-25 23:44:35+00:00	en	@mehdirhasan @rizwanahmed @MehdiHasanShow Heâ€™s not gonna win though. Not because his performance was less in any way. But Boseman perhaps deserves it most. And if not Boseman, they are gonna give it to Anthony Hopkins.
1386466168685441025	its_tickety_boo	2021-04-25 23:44:28+00:00	en	Gary Oldman  and Anthony Hopkins arenâ€™t there either ğŸ˜©
1386466027764994049	amyl_mcbeal	2021-04-25 23:43:54+00:00	en	This was brilliant. Having two grandparents who both suffered dementia before they passed, and watching my mum handle it the way she did.. this film hit so close to home. Anthony Hopkins was phenomenal and deserves best actor for this role. https://t.co/4tV0j3HFEM
1386465895388753926	mamitamumu	2021-04-25 23:43:23+00:00	en	@KarinaMicieli Para mi The Father con Anthony Hopkins ğŸ‘ğŸ½ğŸ‘ğŸ½ğŸ‘ğŸ½ğŸ‘ğŸ½ğŸ‘ğŸ½ğŸ‘ğŸ½ğŸ‘ğŸ½ğŸ‘ğŸ½ğŸ˜­ğŸ˜­ğŸ˜­ Como llorÃ©!
1386465757790445573	BitBisexual	2021-04-25 23:42:50+00:00	en	Actor in a Leading Role  Riz Ahmedâ€”Sound of Metal â­ğŸ’– Chadwick Bosemanâ€”Ma Raineyâ€™s Black Bottom Anthony Hopkinsâ€”The Father Gary Oldmanâ€”Mank Steven Yeunâ€”Minari  (This is a hot take btw, smart money would probably be on chadwick boseman)
1386465427065393153	mamitamumu	2021-04-25 23:41:31+00:00	en	Vi The Father ğŸ‘ğŸ½ğŸ‘ğŸ½ğŸ‘ğŸ½ Mank ğŸ‘ğŸ½ğŸ‘ğŸ½ Nomadland ğŸ‘ğŸ½ Promising young womanğŸ‘ğŸ½ğŸ‘ğŸ½ Las mejored actuaciones sin duda Anthony Hopkins y Frances Mc Dormand  #Oscars
1760706048531272092	dashnextech	2024-02-22 16:40:08+00:00	en	With such a huge decline in dollar value,ğŸ“‰ we won't be able to hold it for much longerâ°  Get it today for just $27/one time - you'll be glad you didğŸ‘‡
1386465303975141376	Mara_Suttmann	2021-04-25 23:41:02+00:00	en	Me=unabashed Oscar (movie) nerd, so here's a thread of my will / should win picks for a # of categories, + some honorable mentions. **Actor** Will / should win: Chadwick Boseman Honorable mention: Anthony Hopkins, Riz Ahmed **Actress** Will win: Viola Davis Should win: Andra Day
1386465230385987586	AnneManouks	2021-04-25 23:40:44+00:00	en	SHOULD WIN: - Supporting Actor: Daniel Kaluuya - Supporting Actress: Yuh-Jung Youn - Actor: Anthony Hopkins - Actress: Vanessa Kirby - Screenplay (adapted): The Father - Screenplay (original): Promising Young Woman - Director: ChloÃ© Zhao - Picture: The Father #Oscars2021
1386465210869899277	Fasat_Alfa	2021-04-25 23:40:40+00:00	en	@AnthonyHopkins Thank you for sharing this moment â¤
1386465138212020225	jonasefg	2021-04-25 23:40:22+00:00	en	Melhor Filme: The Sound Of Metal Melhor Ator: Riz Ahmed (The Sound Of Metal) Anthony Hopkins (The Father) Melhor Atriz: Viola Davis (Ma Raineyâ€™s Black Bottom) ou Frances McDormand (Nomandland)
1678841544999321600	PressCompassion	2023-07-11 18:59:50+00:00	en	From her comfortable life in America, Sophie plunges into India's colorful slums in 'Children Who Dance in the Rain.' Her transformative journey uncovers magic, gratitude, and empathy.   Your purchase writes new stories -- 25% of proceeds directly aid underprivileged children.
1386465108784730113	FollowThatCarr	2021-04-25 23:40:15+00:00	en	@AnthonyHopkins You are one of my favorite actors I love what you're doing
1386464869147414536	TheSimonizer	2021-04-25 23:39:18+00:00	en	I would love to see Anthony Hopkins pick up Best Actor tonight, his performance is one in a million! @skytv #Oscars #SkyCinema
1386464787429609473	hombre_lobo91	2021-04-25 23:38:59+00:00	en	Best Actors in Film: 1. Anthony Hopkins (The Father) 2. Delroy Lindo (Da 5 Bloods) 3. Chadwick Boseman (Ma Raineyâ€™s Black Bottom) 4. Hugh Jackman (Bad Education) 5. Riz Ahmed (Sound of Metal)
1386464726184517634	erkanggun	2021-04-25 23:38:44+00:00	en	Anthony Hopkins ve Nomadland gerisi popcorn. #Oscars
1386464599659196420	glasshill	2021-04-25 23:38:14+00:00	en	My predictions #BestPicture - The Father, #bestdirector - CholÃ© Zhao, #BestActor Anthony Hopkins, #Bestactess (ALL of them!)  @VanessaKirby  #Oscars2021
1386464273740693505	DiegoGuzmn10	2021-04-25 23:36:56+00:00	en	Anthony Hopkins will win Best actor in a leading role, Iâ€™m positive.  #Oscars https://t.co/R75BXCtvDB
1386464227414745091	jabroni_jon	2021-04-25 23:36:45+00:00	en	@ishapiro If you check one movie out from this years nominees, let it be The Father with Anthony Hopkins. An incredible performance and a whirlwind of a story from the audienceâ€™s perspective as you try to unravel what is real and what isnâ€™t from the perspective of a dementia patient
1761220302321942784	nilebuiltCEO	2024-02-24 02:43:36+00:00	en	Invest now in the Future of Housing! At NileBuilt, we build Non-Combustible, Net-Zero Energy, Disaster Resilient "Wood-Free" Homes with our Patented Technology. Go to https://t.co/iIgLSS9948 to Invest Now!
1386464200361316354	LaCebadinaNoti	2021-04-25 23:36:39+00:00	en	Mejor Actor Protagonista Riz Ahmed por "Sound of Metal" Anthony Hopkins por "El padre" Chadwick Boseman por "La madre del blues" Gary Oldman por "Mank" Steven Yeun por "Minari"
1386464031922397185	NevaSaysVote	2021-04-25 23:35:59+00:00	en	Iâ€™m watching the Oscars.  Iâ€™ve been thinking that The Trial of the Chicago Seven looks like a Best Picture. Anthony Hopkins for Best actor.
1386458691499606017	JoyAnnReid	2021-04-25 23:14:45+00:00	en	How many of yâ€™all are watching the Oscars? If so, thoughts?
1761901743346982927	SobkoYaroslav	2024-02-25 23:51:24+00:00	en	ğŸ’œ Use our Free Guides to Get Smarter on AI.
1386463723913576452	NJGHTM4RE	2021-04-25 23:34:45+00:00	en	@moviemenfes anthony hopkins sm vanessa kirby
1386463688933117952	JavierViidela	2021-04-25 23:34:37+00:00	en	Quiero que gane "The father" por Anthony Hopkins o "Nomadland" por Frances McDormand..
1386463682960379906	iRayRed	2021-04-25 23:34:35+00:00	en	I'm just gonna cheer for everybody and hopefully Anthony Hopkins wins his oscar
1386463544728719362	patt_robbed	2021-04-25 23:34:02+00:00	en	not #Oscars2021 predictions but who i would love to win:  the father chung sir anthony hopkinsğŸ™‡â€â™€ï¸ (riz ahmed was fantastic too) mulligan raci yoon yuh jung  screenplays chung  zeller
1735430917512995299	JoltSoftware	2023-12-14 22:45:48+00:00	en	Restaurant management made easy with Jolt. Automate temperature monitoring, protect your inventory, and pass health inspections with ease. Get your free demo today.
1386463519751557121	ndrewlee	2021-04-25 23:33:57+00:00	en	Next time you see your middle-aged relatives, move the TV and other blue lights out of the bedroom, set up Night Mode and Do Not Disturb, and lock up the alcohol/caffeine before bedtime  Not convinced? Go ahead and watch @AnthonyHopkins in #TheFather #TheOscars
1386203585294258176	nytimes	2021-04-25 06:21:03+00:00	en	Middle-aged people who sleep six hours or less a night may be more likely to develop dementia in their late 70s, according to a study that tracked nearly 8,000 people in Britain for about 25 years, beginning when they were 50-years-old. https://t.co/9ERa8qzdUE
1386463467742302211	lalafilmz	2021-04-25 23:33:44+00:00	en	Si hoy no gana Anthony Hopkins tremendo fraude
1386463404626427904	Doug__85	2021-04-25 23:33:29+00:00	en	@skytv Loved #TheFather and Anthony Hopkins was amazing and truly dragged me into the film. Would love either to spring a surprise and bag either Best Actor or Best Picture. #skycinema #Oscars
1386463213428961281	JukeLobe	2021-04-25 23:32:43+00:00	en	My #Oscars picks, y'all let me know what you think is going to win!  Also I think Chadwick Boseman will win posthumously, but Anthony Hopkins should win because his performance in #TheFather was phenomenal. No disrespect to our King ofc https://t.co/drXG9IAh9K
1762329005993369913	StockheadAU	2024-02-27 04:09:12+00:00	en	Impact Minerals says a new HPA production process could deliver lower capital and operating costs.
1386463210522517504	sancheztorjohn	2021-04-25 23:32:43+00:00	en	@fdbedout Anthony Hopkins revolution ğŸ˜†ğŸ˜†
1386463095938293761	IrmabelJ	2021-04-25 23:32:15+00:00	en	@AnthonyHopkins Love your work From Puerto Rico
1386463087620886528	yooooooooRIPPSH	2021-04-25 23:32:13+00:00	en	PICTURE - Nomadland DIRECTOR - Chloe Zhao (Nomadland) ACTRESS - Viola Davis (Ma Rainey's Black Bottom) ACTOR - Anthony Hopkins (The Father) S. ACTRESS - Yuh-Jung Youn (Minari) S. ACTOR - Daniel Kaluuya (Judas and the Black Messiah)
1386463074643755019	Brilloant1	2021-04-25 23:32:10+00:00	en	Watching Alex Zane @skytv #Oscars #Oscars2021 using the projector for the ultimate big screen experience. Nomadland to win best picture, Anthony Hopkins would be phenomenal to take the Oscar but the legacy of Chadwick boseman needs to be acknowledged. Here's to a grand night! https://t.co/kq7FEAqM9k
1386462947850039298	gonggamsoo	2021-04-25 23:31:40+00:00	en	anthony hopkins vanessa kirby upset ğŸ§ğŸ»â€â™‚ï¸
1386462913582542849	LuisAlemanA	2021-04-25 23:31:32+00:00	en	@sporthugs Picture: Nomadland will probably win, but I want it to be Minari.   Actor: itâ€™s gonna be Chadwick, although an Anthony Hopkins upset wouldnâ€™t surprise me.   Actress: probably Carrie Mulligan.
1386462879910670339	FirstTakePod	2021-04-25 23:31:24+00:00	en	Onto @skytv now for their #oscars coverage. Im hoping for wins for Anthony Hopkins and Daniel Kaluuya. Both incredible, vastly different performances. #skycinema
1386462856653201409	mmekus18	2021-04-25 23:31:18+00:00	en	Male acting performances from 2020 movies ranked (lead or supporting):  1) Delroy Lindo- DA 5 BLOODS 2) Riz Ahmed- SOUND OF METAL 3) Dan Kaluuya- JUDAS AND THE BLACK MESSIAH 4) Ben Affleck- THE WAY BACK 5) Anthony Hopkins- THE FATHER 6) Chadwick Boseman- MA RAINEYâ€™S BLACK BOTTOM
1386462779138351108	Shutterstock	2021-04-25 23:31:00+00:00	en	Forever changed.  Watch as Oscar Pop! designer, Zahi combines Banksy's iconic street art style and unpredictability to life with dementia â€” as portrayed by @AnthonyHopkins in this year's Best Picture nominee #TheFather: https://t.co/W4ZvcvQU99  #Oscars https://t.co/2IWxxZauW4
1754603300207333414	VIZMedia	2024-02-05 20:30:00+00:00	en	Pegasusâ€™s power will change Sailor Moon forever in Sailor Moon SuperS: The Complete Fourth Season! â˜ï¸ğŸŒ™
1386462701455560704	unaltraodissea	2021-04-25 23:30:41+00:00	en	Anthony Hopkins I am once again asking you to be my granpa pls
1386462675027308544	cosku_clk	2021-04-25 23:30:35+00:00	en	My predictions (some are wishes, actually) #Oscars2021   Director: Chloe Zhao Leading actress: Vanessa Kirby Leading actor: Anthony Hopkins Original screenplay: Promising Young Woman International feature film: Another Round Best picture: Nomadland
1386462650255777792	isabellamisceo	2021-04-25 23:30:29+00:00	en	Anthony Hopkins is a God #Oscars
1386462535650525186	PeytoBrock	2021-04-25 23:30:02+00:00	en	Also, I haven't seen The Father, which I've heard is good, and Anthony Hopkins will always be an all time GOAT
1386462376241909763	eChavi	2021-04-25 23:29:24+00:00	en	Only real Oscar prediction I have this year is the most obvious one. Chadwick Boseman winning Best Actor for Ma Rainey. Wouldn't be surprised if Anthony Hopkins gets it for The Father though... #Oscars
1386462212340994060	jm_tristao	2021-04-25 23:28:45+00:00	en	Best actor: I think Chadwick Boseman will win, but also rooting for Riz Ahmed or Anthony Hopkins #Oscars
1386462100361400324	kateschmate	2021-04-25 23:28:18+00:00	en	LEAD ACTOR: Riz Ahmed, Sound of Metal  (tho this was tough bc Hopkins is IN CRE DI BLE)  Anthony Hopkins, The Father Chadwich Boseman, Ma Rainey's Black Bottom Daniel Kaluuya, Judas and the Black Messiah Delroy Lindo, Da 5 Bloods
1386461719283834885	fedkukso	2021-04-25 23:26:47+00:00	en	@lorusso10 Igual, gana Anthony Hopkins. La rompe en The Father.
1760117939343384707	ASUS	2024-02-21 01:43:12+00:00	en	Big things to see!  #Zenfone11Ultra #ExpandYourVision is about to redefine size. Get ready for a surprise that stretches beyond your imagination. Stay tuned, the revelation is near!
1386461401812807688	SamLibby13	2021-04-25 23:25:32+00:00	en	Best Actor:  Riz Ahmed - Sound of Metal Chadwick Boseman - Ma Raineyâ€™s Black Bottom Anthony Hopkins - The Father Delroy Lindo - Da 5 Bloods Jesse Plemons - Iâ€™m Thinking of Ending Things  Should Win: Chadwick Boseman  Will Win: Chadwick Boseman
1386461233436528643	Chris_Chaboyer_	2021-04-25 23:24:51+00:00	en	The movie that deserves to win BP more than anything. This movie is absolutely heartbreaking. Anthony Hopkins for #bestactor  THE FATHER (2020) Review!  #moviereview #oscars2021 #thefather #bestpicture #nominee #florianzeller #anthonyhopkins    https://t.co/MK3j99fBLl
1386461163425198081	sethduma	2021-04-25 23:24:35+00:00	en	happy #Oscars Sunday! here are my predictions for anyone who cares. Nomadland and Chloe Zhao should take home the top prizes. Anthony Hopkins deserves to win but probably wonâ€™t. Lead Actress is extremely competitive and iâ€™m still wavering but in the end i think itâ€™s Careyâ€™s year. https://t.co/P1YViA2dfB
1386461047855325184	matthew_kopf	2021-04-25 23:24:07+00:00	en	@thedosfilms Love Chadwick Boseman, but Anthony Hopkins should win the Oscar for â€œThe Father.â€
1386460924035301376	filmnetic	2021-04-25 23:23:38+00:00	en	#TheFather   Anthony Hopkins shines and is the only true threat to Chadwick Boseman for Best Actor #Oscars   Its a shame awards season did not give The Father more attention https://t.co/Um52epTOex
1386460922475069440	yuriclc	2021-04-25 23:23:37+00:00	en	ğŸ”¸ATORğŸ”¸  1 - Anthony Hopkins 2 - Steven Yeun 3 - Chadwick Boseman 4 - Gary Oldman 5 - Riz Ahmed  Aposta: Chadwick Boseman Tem (MUITA) chance: Anthony Hopkins #Oscars
1386460859111665671	jaradcliff	2021-04-25 23:23:22+00:00	en	Since I canâ€™t vote for the #Oscars Iâ€™ll just list who I wouldâ€™ve picked (1/2):  Director: ChloÃ© Zhao Actor: Anthony Hopkins Actress: Carey Mulligan S. Actor: Daniel Kaluuya S. Actress: Youn Yuh-jung SP: The Trial of the Chicago 7 Adapted SP: The Father Best Picture: Minari
1386460587509620737	FatimaE1234	2021-04-25 23:22:17+00:00	en	I hope Anthony Hopkins wins the oscar for best actor in main role category. #Oscars2021 #oscars #AnthonyHopkins https://t.co/3eQlO6A9VL
1386460286568312835	decider	2021-04-25 23:21:06+00:00	en	Anthony Hopkins's drama #TheFather has been nominated for six #Oscars Here's how to watch it on VOD: https://t.co/8ZzwTUI2Fw https://t.co/1Y6ieRQKSc
1386460023098941446	HavenTorontoCA	2021-04-25 23:20:03+00:00	en	â€œIâ€™m not a homeless man but I play one on TV.â€ Actors, like #Oscar winner Anthony Hopkins, share their public experiences with homelessness â€“ and what it says about people in general. #AcademyAwards Read more: https://t.co/OucA78zQat https://t.co/kLOSi13m3l
1386460010268463105	NihannSevinc	2021-04-25 23:20:00+00:00	en	Anthony Hopkins ve Gary Oldman ğŸ¥°â¤
1386459789610397698	OvernightSiren	2021-04-25 23:19:07+00:00	en	@TheAcademy ğŸ†BEST ACTORğŸ† SHOULD BE: Anthony Hopkins (The Father) WILL BE: Chadwick Boseman (Ma Rainey's Black Bottom)
1386459777186816003	cerenordu	2021-04-25 23:19:04+00:00	en	Anthony Hopkins for Best Actor ğŸ¤ #Oscars https://t.co/HTztJKVFtm
1386459769544663040	Diablo_saurio	2021-04-25 23:19:02+00:00	en	Esta vez no tengo idea a de lo que pasa en los #Oscars  Pero ... tengo mis favoritos  - Sound of Metal  - Anthony Hopkins  - Vanessa Kirby  -Wolfwalkers/Soul/Shaun the Sheep  -Tenet
1386459637617070080	Techninoir	2021-04-25 23:18:31+00:00	en	@JoyAnnReid Watching. Go Minari, Sound of Metal, The Father, Another Round, Anthony Hopkins, Riz Ahmed, Vanessa Kirby, Youn Yuh-jong, Chloe Zhao, Daniel Kaluuya, Emerald Fennell, Joshua James Richards, among others.
1742181197155873125	getTheConqueror	2024-01-02 13:49:00+00:00	en	Challenge yourself to earn the stunning THE LORD OF THE RINGS medals
1386459552388993032	matrafisco	2021-04-25 23:18:11+00:00	en	I just watched The Late Show with Stephen Colbert 6x115 "Anthony Hopkins, Florian Zeller, Mazie Hirono" https://t.co/thY9AvUib5 #trakt
1386459536404357122	S_Burke97	2021-04-25 23:18:07+00:00	en	Hoping Anthony Hopkins pulls the biggest upset of the night tonight.
1386459505169420288	Nilmar_Silva85	2021-04-25 23:17:59+00:00	en	@AnthonyHopkins Love you as a big fan, from Brazil.
1386459366480515072	EswarPillai	2021-04-25 23:17:26+00:00	en	Oscars today! The best actor nominees this year are just scintillating. Chadwick Boseman, Steven Yeun, Riz Ahmed, Anthony Hopkins, and Gary Oldman are all my favorites. May the best one win! #Oscars #Oscars2021
1760117939255345353	ASUS	2024-02-21 01:43:12+00:00	en	We're thrilled to invite you to the live online unveiling of the #Zenfone11Ultra #ExpandYourVision. Mark your calendars for Thursday, March 14, at 8:00 p.m. (UTC+8). Prepare to discover our innovative, AI-integrated flagship phone that's eagerly awaiting its debut!
1386459164482940929	MartinKSmith	2021-04-25 23:16:38+00:00	en	Best Actor:  Chadwick Boseman   (I'd personally give it to Anthony Hopkins though) #Oscars
1386459158237569026	lecter13lecter	2021-04-25 23:16:37+00:00	en	#Oscars2021  #oscartrt2  #Oscars the father anthony hopkins
1386459098678321164	GrammaticalFict	2021-04-25 23:16:22+00:00	en	@TheRealHoarse Anthony Hopkins in The Father
1386459028583292928	chungus_express	2021-04-25 23:16:06+00:00	en	@outoforderali it should go to anthony hopkins tho
1386458753395011586	OvernightSiren	2021-04-25 23:15:00+00:00	en	ğŸ†BEST ACTORğŸ† SHOULD BE: Anthony Hopkins (The Father) WILL BE: Chadwick Boseman (Ma Rainey's Black Bottom)
1386458739549433860	abbimireille	2021-04-25 23:14:57+00:00	en	#OscarBallot Film: Minari  Actress: Carey Mulligan Supp Actress: Youn Yuh-Jung Animated: Over the Moon L-A Short: White Eye Director: Chloe Zhao Supp Actor: Paul Raci Actor: Anthony Hopkins or Riz Ahmed Adapted S-play: F. Zeller &amp; C. Hampton Orig S-play: L. I. Chung or E. Fennell https://t.co/SfPSmLj05R
1386458623849766912	venicelegend	2021-04-25 23:14:29+00:00	en	Para los #Oscars   Actor: Sir Anthony Hopkins Supporting actor: Daniel Kaluuya Actress: Carey Mulligan Supporting actress: Yuh-Jung Youn Animated: Soul ( la Ãºnica que vi ğŸ˜­ ) Cinematography: Nomadland Directing: Chloe Zhao International: Quo Vadis, Aida Best picture: Nomadland
1386458564303147011	DavidFady74	2021-04-25 23:14:15+00:00	en	Here are my #Oscars 2021 Predictions! @TheAcademy   Best Actor in a Leading Role: Anthony Hopkins (The Father) or Chadwick Boseman (Ma Rainey's Black Bottom)  Best Actress in a Leading Role: Carey Mulligan (Promising young woman) or Frances McDormand (Nomdaland)
1386458522095783939	ming29	2021-04-25 23:14:05+00:00	en	@imokman Yea although I would have wanted Riz Ahmed or Anthony Hopkins to win.
1386458498448375808	parismov	2021-04-25 23:13:59+00:00	en	Anthony Hopkins better show uppp
1386458223117361160	jiill_twt	2021-04-25 23:12:54+00:00	en	@TNTLA Amanda Seyfried y Sir Anthony Hopkins ğŸ˜Š
1386458021157646341	alebasii_	2021-04-25 23:12:06+00:00	en	âœ¨Mas antes, minhas apostas nas principais categorias:âœ¨  1. Melhor filme: Nomadland 2. DiretorA: Chloe Zhao por Nomadland 3. Ator: Anthony Hopkins por The Father 4. Atriz: Frances McDormand por Nomadland  5. Ator Coadjuvante: Daniel Kaluuya por Judas and The Black Messiah
1386457897345765377	allyoucanhorror	2021-04-25 23:11:36+00:00	en	Best Actor: tough category: @rizwanahmed and @AnthonyHopkins were incredible but we canâ€™t deny @chadwickboseman from this superb performance! He will win! In our â¤ï¸ forever #WakandaForever #ChadwickBoseman #Oscars #Oscars2021 https://t.co/ZZMuhITy3z
1386457879679545345	Clockw0rkiwi	2021-04-25 23:11:32+00:00	en	1. Anthony Hopkins 2. Andra Day 3. Riz Ahmed 4. Chadwick Boseman 5. Yuh-Jung Youn 6. Vanessa Kirby 7. Steven Yeun 8. Carey Mulligan 9. Olivia Coleman  10. Maria Bakalova
1386457872649887747	jamesonstarship	2021-04-25 23:11:30+00:00	en	Trying to imagine someone explaining to Anthony Hopkins what an NFT is and why he has one.
1386453675980333056	UPROXX	2021-04-25 22:54:50+00:00	en	Chadwick Boseman has been honored with an NFT given to those attending the Academy Awards https://t.co/VRk4bSWmUK
1386457629816410122	jocman96	2021-04-25 23:10:32+00:00	en	My Oscar picks (who I want to win in parentheses)  Picture: Nomadland (Minari)  Director: Chloe Zhao (Chloe Zhao)  Actor: Chadwick Boseman (Anthony Hopkins)  Actress: Viola Davis (Carey Mulligan)  Actor: Daniel Kaluuya (Lakeith Stanfield)  Actress: Youn Yu-jung (Youn Yu-jung
1386457217206001664	SusanaLeyva	2021-04-25 23:08:54+00:00	en	@CNell_LA I hope you saw The Father. Anthony Hopkinsâ€™ performance and that I think is one for cinema history
1386457066999533568	JSapeca	2021-04-25 23:08:18+00:00	en	@Gugu_Inu @rafinhamurad Simplesmente Anthony Hopkins
1386456806415814660	excusemebutt	2021-04-25 23:07:16+00:00	en	anyways I hope anthony hopkins wins tonight #oscars
1386456653831151622	mephist19	2021-04-25 23:06:40+00:00	en	so cuteğŸ˜š and hope #AnthonyHopkins will get the Oscar
1386097618615296006	zeqbox	2021-04-24 23:19:59+00:00	en	IG:lisarkatcher she posted some rare #BradPitt during filming meet joe black THANKSï¼ https://t.co/Hk3kx1Lz5N
1386456441993760773	dani_morales_g	2021-04-25 23:05:49+00:00	en	@ignaaciocc y que ganen anthony hopkins y olivia colman por fis
1386456277736382470	John_Fron	2021-04-25 23:05:10+00:00	en	Actor: Again, would be pretty surprised if anyone besides Chadwick won, though I could see Anthony Hopkins playing spoiler.  Riz Ahmed was absolutely fantastic, and Delroy Lindo was massively snubbed.
1386456235495477257	GogglerMY	2021-04-25 23:05:00+00:00	en	We finally checked out the last of this year's #Oscars nomination and boy were we absolutely blown away. On this week's episode, we talked the #AnthonyHopkins acting masterclass that is #TheFather. Check out The Goggler Podcast on #Spotify now.  https://t.co/epB50DpoxV https://t.co/wGEqXRjUSv
1386456209306312705	MovieMarker	2021-04-25 23:04:54+00:00	en	Best actress nominee #ViolaDavis paying tribute to her co-star #ChadwickBoseman : He was authenticity on steroids. He entered acting to be an artist  Will Chadwick win a posthumous #Oscar or will #AnthonyHopkins take it with a nice chianti? https://t.co/J5cRMUtKlS
1386456147469639687	pattmlatimes	2021-04-25 23:04:39+00:00	en	In fact this is a stunning film, and a brilliant means of imagining what's going inside the mind of someone with my dementia. I wish this movie had been made before my mother died of dementia; it would have helped me to understand her ordeal better. @AnthonyHopkins
1386455024860123144	TheOnion	2021-04-25 23:00:11+00:00	en	The Father | Synopsis: Watch what happened to your grandmother happen to Anothony Hopkins https://t.co/AutChgVmWw https://t.co/NbcZ3KK5wH
1386456110203215873	jakeseresn	2021-04-25 23:04:30+00:00	en	listen i want riz ahmed to win but anthony hopkins is my pick... it makes me sad
1386456047473373189	jojo_hobbit	2021-04-25 23:04:15+00:00	en	@AnthonyHopkins May his memory be a blessing
1386455970314821633	notcherylkernot	2021-04-25 23:03:57+00:00	en	@missleetulloch @netflix The Father and Nomadland are standouts for me. Just give Olivia Colman another Oscar. And Anthony Hopkins.
1386455755260186625	GareRick	2021-04-25 23:03:05+00:00	en	@ScottJCollette same.  several reviews use some version of "master class in acting" re: Anthony Hopkins, and they are not wrong.    every choice is so smart and sharp
1692645750222487605	NittoTire	2023-08-18 21:12:49+00:00	en	Like all Grapplers, Nitto Ridge Grappler features dual-sidewall design so that you can choose the side that best fits your vehicle.
1386455734519570434	TheDonlonFeed	2021-04-25 23:03:00+00:00	en	@WaltsLast @AnthonyHopkins No I am. I think heâ€™s going to win I know thatâ€™s not a popular thing to say but that performance was incredible
1386455715364093956	MichaelCrisis	2021-04-25 23:02:56+00:00	en	The Oscars mean nothing but still I'd award -Best Pic to Sound of Metal -Best Actor to Anthony Hopkins (The Father) -Best Actess to Carey Mulligan (Promising Young Woman) -Best Sup. Actor to Daniel Kaluuya (Judas and the Black Messiah) -Best Sup. Actress to Youn Yuh-jong (Minari)
1386455707378065409	acthomasfilm	2021-04-25 23:02:54+00:00	en	Best Actor Chadwick Boseman (hopefully) Or Anthony Hopkins All 5 were phenomenal https://t.co/39dPWf20bl
1386455689422417921	tolgaw_95	2021-04-25 23:02:50+00:00	en	Let's go Sir Anthony Hopkins!!! #Oscars  https://t.co/vlRrtwPpzH
1760051352456053104	prageru	2024-02-20 21:18:37+00:00	en	PragerU's videos have been changing millions of minds for over a decade. Help save America by contributing to our next wave of mind-changing videos.
1386455598791675904	QandfmiDaniel	2021-04-25 23:02:28+00:00	en	â€²â€²Let go the people who are not prepared to love you â€“ written by Anthony Hopkinsâ€¦ https://t.co/CZhUM3ezEr
1386455418013065217	MiguelRP1	2021-04-25 23:01:45+00:00	en	@AnthonyHopkins Sir Anthony Hopkins truly a person to admire, you have a place in a lot of peopleâ€™s hearts.
1386455354280747010	DT042674	2021-04-25 23:01:30+00:00	en	#Oscars picks cont.:  Best Actress: Carey Mulligan (@PromisingFilm) Best Actor: WHY DO I HAVE TO PICK BETWEEN ANTHONY #HOPKINS AND @CHADWICKBOSEMAN?????? Best Director: Chloe Zhao (#Nomadland) Best Picture: #Nomadland
1386455261481562115	diannalvp	2021-04-25 23:01:08+00:00	en	Team Riz Ahmed y Anthony Hopkins. #Oscars
1386454980085825536	scroll_in	2021-04-25 23:00:00+00:00	en	â€˜The Fatherâ€™ movie review: Anthony Hopkins is brilliant in forgetting and holding on  https://t.co/KtgrZaLxkK
1386454969969168384	voraciousbiblog	2021-04-25 22:59:58+00:00	en	Oh my goodness...I just watched #TheFather and Anthony Hopkins moved me to tears. I really wish he and Chadwick Boseman werenâ€™t nominated in the same year but either way Iâ€™ll be happy. What a film! #Oscars
1386454920195317767	patrick478	2021-04-25 22:59:46+00:00	en	@jamescain92 @AnthonyHopkins Hello there
1386454865547698177	erzrock	2021-04-25 22:59:33+00:00	en	@TheRealHoarse I donâ€™t know how to justify the Oscars but Anthony Hopkins is amazing in The Father and everyone should see it.
1386454863672926216	LolaOperea	2021-04-25 22:59:33+00:00	en	@AnthonyHopkins I wish you luck. A kiss!
1386454774187450370	DarinSaintPaul	2021-04-25 22:59:11+00:00	en	@AnthonyHopkins thank you for your brilliance. #TheFather
1386454701131042817	ScottyyB29	2021-04-25 22:58:54+00:00	en	Thereâ€™s gonna be so much â€œChadwick only won the Oscar cause he diedâ€ and part of me knows thatâ€™s a factor. Anthony Hopkins and Riz Ahmed gave incredible performances too. I think they all deserve it in a way based solely on acting and maybe Chadwick will get it because he died
1386454435715600386	LolaOperea	2021-04-25 22:57:51+00:00	en	@AnthonyHopkins Mr. Hopkins..
1386454435371565057	clairemurphy177	2021-04-25 22:57:51+00:00	en	@AnthonyHopkins Love you ğŸ˜
1386454128545697792	polarhuller	2021-04-25 22:56:37+00:00	en	@AnnaRichardso Iâ€˜ve been so torn this year between predicting and hope-dicting: Picture - Nomadland Director - ChoÃ© Zhao Actor - Anthony Hopkins Actress - Carey Mulligan Supp. Actor - Daniel Kaluuya  Supp. Actress - Olivia Colman (although I think Youn will take it) Editing - The Father (HOPE!)
1386453850480021505	AniReject10	2021-04-25 22:55:31+00:00	en	Independientemente si le dan el #Oscar a Chadwick... Anthony Hopkins se merece todas las ovaciones ğŸ‘ğŸ½ğŸ‘ğŸ½ https://t.co/KcDKMQNB6i
1386453819970703366	fabiotb	2021-04-25 22:55:24+00:00	en	ATOR Riz Ahmed &gt; Anthony Hopkins &gt; Chadwick Boseman &gt; Steve Yeun &gt; Gary Oldman  ATRIZ Carey Mulligan &gt; Frances McDormand &gt; Andra Day &gt; Vanessa Kirby &gt; Viola Davis #Oscars
1386453699401293826	etbowser	2021-04-25 22:54:55+00:00	en	3. The Father â€“ WHEW I refuse to give anything away  but this film hits like a ton of bricks, especially if you have elderly family members. CONTROVERSIAL CANCELLATION STATEMENT: He won't win because it's Chadwick's time but Sir Anthony Hopkins absolutely deserves Best Actor.
1386453130397769736	TheRebeccaChuck	2021-04-25 22:52:39+00:00	en	Hoping for a major upset for Anthony Hopkins and The Father !!
1386453096730030080	dillondavis3	2021-04-25 22:52:31+00:00	en	(1/2) Proud to say I have watched 17 of the movies up for #Oscars tonight! With that, here are my annual (typically wrong) predictions:   Best Picture - Nomadland Best Director - ChloÃ© Zhao Best Actor - Anthony Hopkins Best Actress - Andra Day Best Supp. Actress - Glenn Close
1386453034687877122	NoLies__JustLuv	2021-04-25 22:52:17+00:00	en	Supporting Actress = Amanda Seyfred (Mank)  Supporting Actor = LaKeith Stanfield (Judas Black Messiah)  Lead Actor = Anthony Hopkins (Father)  Lead Actress = Carey Mulligan (Promising Young Woman)  Director = Emerald Fennel (Promising Young Woman)  .......
1386452797294579714	CitizenErased22	2021-04-25 22:51:20+00:00	en	@eason_kyle @AnthonyHopkins Thank you for posting
1386452673759748097	AnnaRichardso	2021-04-25 22:50:51+00:00	en	#Oscars Prediction:  Best Picture - Nomadland  Director - Chloe Zhao Leading Actor - Anthony Hopkins (although I think itâ€™ll go to Chadwick Boseman) Leading Actress - Vanessa Kirby Supporting Actor - Daniel Kaluuya Supporting Actress - Yuh-Jung Youn What do you think??
1386452496613363719	CitizenErased22	2021-04-25 22:50:08+00:00	en	@eason_kyle @AnthonyHopkins Beautiful and sad
1386452483015200771	Beefyrhetoric	2021-04-25 22:50:05+00:00	en	will melt.  4. â€œThe Fatherâ€ with Anthony Hopkins.  A beloved priest of a local town questions his calling after developing feelings for a newly arrived single mother and her son.  A rollercoaster of emotions.  5. â€œMankâ€ with Gary Oldman.  The story of the first tank designed
1386452316883148802	amaralcassi	2021-04-25 22:49:26+00:00	en	And the Oscar goes to.... Anthony Hopkins espero
1386452027727880194	petermazurk	2021-04-25 22:48:17+00:00	en	@NME There is only one Hannibal Lecter. And Anthony Hopkins is his name ğŸ˜ğŸ˜ğŸ˜ğŸ˜
1386451758889586694	MrMattCraig	2021-04-25 22:47:13+00:00	en	'The Father' was the best script of the year by a mile, and Anthony Hopkins' performance was the best of his career (and that's saying something!), and I have to say this because neither of those is going to win tonight.
1386451645022851077	Producer_Josh	2021-04-25 22:46:45+00:00	en	The Father (2021)  A compassionate and unique portrayal of a father battling dimensia. A spellbinding performance from Anthony Hopkins dominates the movie. This will confuse you at times, break you at others.  #Oscars  â­â­â­.5 (out of 5) https://t.co/7ubajPAXeP
1762228451786772765	SHOPGWT	2024-02-26 21:29:38+00:00	en	Elevate your exercise routine with our interlocking exercise mat, engineered to minimize vibration, safeguard your floors, and adapt seamlessly to various activities beyond workouts!
1386451631546400773	colonelfuckass	2021-04-25 22:46:42+00:00	en	Best Actor: Anthony Hopkins/Chadwick Boseman Supporting Actor: Daniel Kaluuya/Lakeith Stanfield
1386451599418183682	BrettRedacted	2021-04-25 22:46:34+00:00	en	Last-minute #Oscars ballot, pulling for an Anthony Hopkins win to differentiate my ballot from everybody else's! https://t.co/qNuZr3ifwn
1760439259503243707	MakingWaveTalk	2024-02-21 23:00:01+00:00	en	With Making Wave Talk effortlessly connecting your systems, you can use Shopify to seamlessly sell your products online round-the-clock, and have invoices automatically generated in Wave the instant a purchase is made. It's simplicity and speed redefined. Check it out!
1386451346539225088	WesleyJRobinson	2021-04-25 22:45:34+00:00	en	Actor in a Leading Role (Rank Order) 1. Riz Ahmed (Sound of Metal) 2. Anthony Hopkins (The Father) 3. Gary Oldman (Mank) 4. Chadwick Boseman (Ma Rainey's Black Bottom) 5. Steven Yeun (Minari)  #Oscars
1386451009770250240	becauseherrera	2021-04-25 22:44:14+00:00	en	#MelhorAtor Aposta: Chadwick Boseman Torcida: Anthony Hopkins e Chadwick Boseman https://t.co/4MFLRogH7Y
1386450845743554563	hellbeatle	2021-04-25 22:43:35+00:00	en	Normally I wouldâ€™ve seen most of, but Sadly I think Iâ€™ve only seen 3 of the Films nominated for Academy Awards IN Theatres &amp; my Fave being #PromisingYoungWoman So good luck @PromisingFilm and to @MinariMovie &amp; #TheFather @AnthonyHopkins ğŸ–¤ğŸ¥ğŸ¬ğŸ @TheAcademy @RegalMovies https://t.co/ap3jAxB8ui
1386450778978766854	VanePlayer	2021-04-25 22:43:19+00:00	en	ACTOR IN A LEADING ROLE: Anthony Hopkins in THE FATHER (Agree with the academy) #Oscars   #Oscars2021
1759870254879224125	bmj_company	2024-02-20 09:19:00+00:00	en	Reach an international audience through our open access publication model. We have calls for papers in your subject area.
1386450557859241987	mista_ezra	2021-04-25 22:42:26+00:00	en	I want to wake up to the news that Anthony Hopkins won best actor at Oscars ğŸ¤ğŸ¼
1386450312156827654	al_cunque	2021-04-25 22:41:28+00:00	en	Con que ganen Anthony Hopkins y Youn Yuh-jung me vale ğŸ¤ğŸ½ğŸ¤ğŸ½
1386449903501692928	IHateMattDrufke	2021-04-25 22:39:50+00:00	en	Anthony Hopkins is such a method actor that he could win tonight for #TheFather but then not even remember attending the ceremony the next day. #Oscars
1386449859847327747	JulioPinillaZ	2021-04-25 22:39:40+00:00	en	â€˜Chadwick Bosemanâ€™ @chadwickboseman  ğŸ† #GoldenGlobe  ğŸ† #CriticsChoice  ğŸ† #SAGAwards   â€˜Anthony Hopkinsâ€™ @AnthonyHopkins  ğŸ† #BAFTA
1668959952688357376	VermontSlateCo	2023-06-14 12:33:55+00:00	en	The faÃ§ade material that stands out from anything that you have seen before!   Sustainable, natural, modern
1386449736463372290	darkcatcanfly	2021-04-25 22:39:10+00:00	en	Oscar tonight, my predication:  Best director: Chole Zhao Best movie: Nohomeland Best actor: Anthony Hopkins Best actress: Frances Mcdormand
1386449688627453954	CitizenErased22	2021-04-25 22:38:59+00:00	en	@AnthonyHopkins PS I need to watch "The Father" now
1386449551754764293	MrSerpico_o	2021-04-25 22:38:26+00:00	en	@revmahoney Best actor : Anthony Hopkins
1386449452236423168	ByGeorgeThomas	2021-04-25 22:38:03+00:00	en	@AshleyBastock42 With you.  Don't be surprised by an Anthony Hopkins upset.
1386449290235727875	_Shurikenjutsu_	2021-04-25 22:37:24+00:00	en	Anthony Hopkins delivered a strong emotional performance. Got me real senti.
1386449188657971207	_TJKC_	2021-04-25 22:37:00+00:00	en	#Oscars Best Actor Odds  â€¢ Chadwick Boseman 94.3% â€¢ Anthony Hopkins 12.5% â€¢ Riz Ahmed 6.7% â€¢ Steve Yeun 3.8% â€¢ Gary Oldman 2.9%
1386449179858272257	neurofobico	2021-04-25 22:36:58+00:00	en	@GQMexico Anthony Hopkins
1386449130629877762	Nat_Dowzicky	2021-04-25 22:36:46+00:00	en	Voted Anthony Hopkins just because I will never forget his Silence of the Lambs performance.
1386448905135607809	PopnLockePod	2021-04-25 22:35:52+00:00	en	#Oscars prediction! Who will win best actor?
1747371174353363355	VisualChase	2024-01-16 21:32:07+00:00	en	Weâ€™re so used to having our expectations shattered by reality, but these lucky people got it just right.
1386448695927914496	michelanuit	2021-04-25 22:35:02+00:00	en	Mis predicciones de los Oscar :  Actor - Anthony Hopkins or Riz Ahmed  Actress - Viola Davis or Carey Mulligan  Supporting actor - Daniel Kaluuya or Paul Raci  Supporting actress - Glenn Close or Youn Yuh-Jung
1386448568613969922	emimayo18	2021-04-25 22:34:32+00:00	en	Anthony hopkins te quiero mucho
1386448566965571589	mrjohnnyandrews	2021-04-25 22:34:31+00:00	en	The Oscars - My picks for what will win (and what should win) - a thread  Best Picture: Nomadland (Promising Young Woman) Best Director: Chloe Zhao (Emerald Fennell) Best Actor: Chadwick Boseman (Anthony Hopkins)  #Oscars #Oscars2021 #AcademyAwards2021
1386448534690570240	cassia2212	2021-04-25 22:34:24+00:00	en	@topiranath Sir Anthony Hopkins!!! The best !!!!! ğŸ‘ğŸ‘ğŸ¬
1752501988510851340	MalbonGolf	2024-01-31 01:20:08+00:00	en	A Celebration of Golfâ›³ï¸   Thank you to everyone that joined us, adidas and the Crosby Family at the Preserve GC to celebrate the launch of our limited Crosby Collection.  Available now on https://t.co/Q9OFpqlH7d and https://t.co/iRCmoojwq0 https://t.co/gZmpSRGQKq
1386448530114482177	inhalrzs	2021-04-25 22:34:23+00:00	en	â€” the father (2020) dir. florian zeller  â€” first watch (april 25) â€” starring anthony hopkins, olivia colman, imogen poots  â€” letterboxd review: https://t.co/xl9LP1SEPG https://t.co/YFeoBS3nwR
1386448499349221377	Straffo	2021-04-25 22:34:15+00:00	en	Sound of Metal Chloe Zhao Anthony Hopkins/Riz Ahmed Frances McDormand Paul Raci Youn Yuh-jung  This is how the big six #Oscars should go toady.
1386448404490903559	lfc_maram	2021-04-25 22:33:53+00:00	en	My #Oscars @TheAcademy winners  -Best Picture  #Nomadland   -Best Director  #ChloeZhao  -Best Actress  @violadavis or #FrancesMcDormand  -Best Supporting Actress  #YounYuhJung  -Best Actor #ChadwickBoseman or @AnthonyHopkins  -Best Supporting Actor #DanielKaluuya
1386448340993429509	CitizenErased22	2021-04-25 22:33:38+00:00	en	@AnthonyHopkins So comforting for those who feel robbed of the comforting "passed away peacefully". Yes "do not go gentle into that good night" ğŸ’ª Love it!
1668959603743248387	VermontSlateCo	2023-06-14 12:32:31+00:00	en	Renovating your faÃ§ade is easier and cheaper than you think!
1386448211779457025	sofiazavoli	2021-04-25 22:33:07+00:00	en	Mis favoritos para hoy:  #Oscars  Best Picture: Promising Young Woman Directing: Lee Isaac Chung Leading Actress: Carey Mulligan Leading Actor: Anthony Hopkins Supporting Actress: Olivia Colman Supporting Actor: Sacha Baron Cohen Animated Feature Film: Soul
1386448183874654211	TheProfitFrog	2021-04-25 22:33:00+00:00	en	@AnthonyHopkins Gosh, I hope you're okay? Take care and rest up... ğŸ™
1386448129621479424	bethemitskii	2021-04-25 22:32:47+00:00	en	te amo anthony hopkins te amo muito  My â˜…â˜…â˜…â˜… review of The Father on @letterboxd: https://t.co/S7iBIxIAVe
1386448001472757763	skcm137	2021-04-25 22:32:17+00:00	en	@AnthonyHopkins I'm sorry for your loss, and uplifted by your words. I lost my Dad last Saturday, he was 75.  May all our loved ones rest in peace.ğŸ’
1386447845251764227	kathrynofcamla1	2021-04-25 22:31:39+00:00	en	@AnthonyHopkins Such a sweet and gentle soul....
1386447771712901123	danghty	2021-04-25 22:31:22+00:00	en	Chadwick Boseman will win Best Actor tonight, deservingly so; and itâ€™ll be an amazing moment thatâ€™ll go down in the history books. Iâ€™d also to see Anthony Hopkins win, not only because of his performance but Itâ€™d be awesome to see an autistic actor win Best Actor twice.
1386447543526215680	BigTom40291	2021-04-25 22:30:27+00:00	en	@TheCinemaTicket I respect Clint Eastwood but I gotta stand by Braveheart, as a Scot-Irishman. And Anthony Hopkins made Dr. Lector his own. And bravo to Tom Hanks as Forrest Gump.
1386447483467747328	Kor5bin	2021-04-25 22:30:13+00:00	en	My Predictions for #TheOscars  (This is what I want )  Best Picture- Minari  Best director- ChloÃ© Zhao, â€œNomadlandâ€  Best actor - Anthony Hopkins, â€œThe Fatherâ€  Best Actress- Venessa Kirby   Best supporting actor-  Daniel Kaluuya  Best supporting actress - Yuh-Jung Youn, â€œMinariâ€
1386447427050393603	Henriquecury	2021-04-25 22:30:00+00:00	en	Minha Lista - Filme : Nomadland - Diretor: David Fincher ( Mank).  Ganha: Chloe Zao ( Nomadland) -Atriz- Frances Mcdormand ( Nomadland) - Ator - Anthony Hopkins ( The Father) Ganha:  DRUK ( Dinamarca) -Shortfilm- The Present ( Palestina)
1760439261671924018	MakingWaveTalk	2024-02-21 23:00:02+00:00	en	Connect Wave and Shopify in just a few clicks! There's no technical expertise needed, and you can even do it from your phone. Learn how you can get the best experience by combining these powerful tools here:
1386447421249662976	naivemelody83	2021-04-25 22:29:58+00:00	en	omg the father only 1 hour 36 minutes long ğŸ˜­ğŸ˜­ğŸ˜­ğŸ˜­ thank u anthony hopkins king
1386447178965700615	SectionFoot	2021-04-25 22:29:01+00:00	en	MEILLEUR ACTEUR  Mon favori : Anthony HOPKINS â€“ The Father  Mon prono : Chadwick BOSEMAN - Ma Rainey's Black Bottom https://t.co/p4pRnbkREx
1386447079686426626	bitesizebreak	2021-04-25 22:28:37+00:00	en	CATEGORY: Best Actor  SHOULD WIN: Anthony Hopkins, "The Father" WILL WIN: Chadwick Boseman, "Ma Rainey's Black Bottom" COULD SURPRISE: Riz Ahmed, "Sound of Metal" SNUBBED: Delroy Lindo, "Da 5 Bloods"  (2/2)
1386446797015375872	armandoaraiza	2021-04-25 22:27:30+00:00	en	The Father Mejor actor Anthony Hopkins #BestActor  #OscarsÂ  #Oscar2021
1742181323127808313	getTheConqueror	2024-01-02 13:49:30+00:00	en	Challenge yourself to earn the stunning THE LORD OF THE RINGS medals
1386446789738438668	bitesizebreak	2021-04-25 22:27:28+00:00	en	CATEGORY: Best Actor  NOMINEES: Riz Ahmed, "Sound of Metal" Chadwick Boseman, "Ma Rainey's Black Bottom" Anthony Hopkins, "The Father" Gary Oldman, "Mank" Steven Yeun, "Minari"  (1/2)
1386446740186963972	crusats	2021-04-25 22:27:16+00:00	en	@JoshOConnor15 @AnthonyHopkins Thanks and love from Spain , Mr.Hopkins ! ğŸ™‚ğŸ«‚ğŸ¤—ğŸ™
1386446079349035008	TheMikeCornett	2021-04-25 22:24:38+00:00	en	Nomadland seems to be getting all the hype for Best Picture, although Iâ€™m pulling for Promising Young Woman. Hoping Anthony Hopkins wins Best Actor and Carey Mulligan wins Best Actress.
1386446027021070340	JohnnyMovie2	2021-04-25 22:24:26+00:00	en	#Oscars Predictions:  Best Picture: Nomadland Best Director: Chloe Zhao Best Actor: Anthony Hopkins Best Actress: Frances McDormand Best Cinematography: Mank Production Design: Mank Best Visual Effects: Tenet Best Sup. Actor: Daniel Kaluuya Best Sup. Actress: Yuh-Jung Youn
1668959409505009670	VermontSlateCo	2023-06-14 12:31:45+00:00	en	The faÃ§ade material that stands out from anything that you have seen before!   Sustainable, natural, modern
1386445966786535425	shhinema	2021-04-25 22:24:12+00:00	en	4. the father - i was a little confused but when i've connected all the dots... - i cried a little - is anthony hopkins that old?? wow
1386445836385718274	TREV19a	2021-04-25 22:23:40+00:00	en	@AnthonyHopkins  I just watched The Father. YOU are the greatest actor I have ever seen.  I am permanently scarred from that film....and not in a bad way.  Truly incredible . BRAVO!!!!!  BRAVO!!!!
1386445681922084866	edinhomarcolino	2021-04-25 22:23:04+00:00	en	Quem eu queria que ganhasse:  Anthony Hopkins Andra Day Yuh-jung You Daniel Kaluuya
1386445589735485442	eljameimatteo	2021-04-25 22:22:42+00:00	en	@OllyGibbs @celinda7iana @TheAcademy @empiremagazine @NetflixFilm @rizwanahmed @steveyeun @AnthonyHopkins @slashfilm Olly bruv so the black messiah it's an award winner for the movie or for the blm stuff? I haven't seen it that's all but quite tired of that black matter shit and I'm not racist cause im African is just that this bubble makes no sense same as Ghostbusters women edition ^^
1386445454880100353	IrishofManitoba	2021-04-25 22:22:10+00:00	en	That was fine Sunday afternoon... Harris, Omar Sharrif, Anthony Hopkins, Ian Holm https://t.co/RuU4iQMrUx
1386445420298219522	bilyanakpetrova	2021-04-25 22:22:01+00:00	en	Something deeply beautiful and moving. Anthony Hopkins reciting poetry to pay tribute to his father.
1386358279446618112	AnthonyHopkins	2021-04-25 16:35:45+00:00	en	Richard Hopkins, my beloved father, resting in eternal peace... ğŸ´ó §ó ¢ó ·ó ¬ó ³ó ¿   â€œDo Not Go Gentle Into That Good Nightâ€ Dylan Thomas https://t.co/LbOegtGa9b
1386445103066144775	Pauline98476699	2021-04-25 22:20:46+00:00	en	Bingo. They wanted to make sure a black Brit won something tonight in order to solidify their replacement of us. But Chadwick may not win, thereâ€™s been whispers that all the British members of the Academy weâ€™re gonna vote for Anthony Hopkins.
1386434723002552320	Behembaba	2021-04-25 21:39:31+00:00	en	Noway the academy is not going to award Chadwick Boseman for Best Actor. But the system is determined to replace the American Negroe with Black Brits. So the nominating studio moved Daniel from Best Actor to Best Supporting Actor lol.
1386444928033726465	livelivefever	2021-04-25 22:20:04+00:00	en	Happy Academy Awards  Day ğŸ‰ğŸ‰ğŸ‰ğŸ‰ğŸ™Œ@McConaughey @ReeseW @LeoDiCaprio @AnthonyHopkins @ChrisEvans
1386444903324864512	yuneri_moreno	2021-04-25 22:19:58+00:00	en	oigan no :( arriba Anthony Hopkins :(
1754776945991291311	Funding_Traders	2024-02-06 08:00:00+00:00	en	ğŸš¨Stop using your own money to trade. With our capital, you can start making profits in just 7 days, all while enjoying zero commissions!
1386444786001907712	llanerock	2021-04-25 22:19:30+00:00	en	Thank You @AnthonyHopkins... This movie changed something inside my soul. https://t.co/7Uql4e3xHX
1386444736647634949	TimWCBD	2021-04-25 22:19:18+00:00	en	Also, Glenn Close should have won the #Oscar for The Wife and now Anthony Hopkins DESERVES to win for The Father. #Oscars
1386444352948359169	giseleocastro	2021-04-25 22:17:47+00:00	en	Maratona Oscar  The Father  100000/10000 ANTHONY HOPKINS â¤ï¸
1386444304076328962	KrasMagic	2021-04-25 22:17:35+00:00	en	The Father - translating effectively from stage to screen, this is probably the most immersive dramatic work ever written about dementia and it's deeply affecting. I may have found it a touch more impactful had I not seen the stage play a few times, but Anthony Hopkins is PERFECT
1386444258471673856	annebetpedersen	2021-04-25 22:17:24+00:00	en	I want Anthony Hopkins and his cat to win
1386443961976311809	IsJayOhKay	2021-04-25 22:16:14+00:00	en	best actor  anthony hopkins https://t.co/O5Za9h8HFO
1386443612192272385	lAMATISTAl	2021-04-25 22:14:50+00:00	en	Hoy voy por: Promising Young Woman, Anthony Hopkins (aunque Riz Ahmed), Carey Mulligan, Emerald Fennell, Lakeith Stanfield, Olivia Colman, Wolfwalkers y My Octopus Teacher. #Oscars
1386443575819345923	i_am_karchies	2021-04-25 22:14:42+00:00	en	MY Oscar Predictions/choices Best Picture- nomadland (preference-  trial of the Chicago 7) Best Director - Chloe Zhao Best Actress -  NO IDEA (preference - Andra Day) Best Actor - Anthony Hopkins/Chadwick Boseman ( preference - Anthony/Riz Ahmed) Supporting actor - Daniel Kaluuya
1742181196984209790	getTheConqueror	2024-01-02 13:49:00+00:00	en	Challenge yourself to earn the stunning THE LORD OF THE RINGS medals
1386443161413820419	SunnyRSV	2021-04-25 22:13:03+00:00	en	Sir Anthony Hopkins gente
1386358279446618112	AnthonyHopkins	2021-04-25 16:35:45+00:00	en	Richard Hopkins, my beloved father, resting in eternal peace... ğŸ´ó §ó ¢ó ·ó ¬ó ³ó ¿   â€œDo Not Go Gentle Into That Good Nightâ€ Dylan Thomas https://t.co/LbOegtGa9b
1386443143785029636	alienlv1023	2021-04-25 22:12:59+00:00	en	An absolute treasure this man is! One of the greatest to ever do it and my all time favorite actor, Sir Anthony Hopkins!
1386443135497248770	scooperhoops	2021-04-25 22:12:57+00:00	en	Director: Thomas Vinterberg (Another Round) Actor: Anthony Hopkins (The Father) Actress: Viola Davis (Ma Rainey's Black Bottom) Film: It was Sound of Metal...now it might be The Father. I don't know everything feels so close this year!
1386443074612736000	Sue29love	2021-04-25 22:12:42+00:00	en	@AnthonyHopkins Today your son passed away, my sons grandad. Please for the love of god reply to me xx
1386443023731544068	BernFost1	2021-04-25 22:12:30+00:00	en	@lipiroy @Forbes @AnthonyHopkins @SachaBaronCohen @TheAcademy @netflix @hulu @AMCTheatres Thank you sharing, very well writtenâ¤ï¸ğŸ˜
1386442915761868802	gencxerxa	2021-04-25 22:12:04+00:00	en	Im tipping for #Nomadland #AnthonyHopkins #AndraDay #SachaBaronCohen #OliviaColman #ThomasVinterberg... #QuoVadisAida #Oscars
1386442862448025606	ViniciusGNC	2021-04-25 22:11:51+00:00	en	Best Actor in a Leading Role 1.Anthony Hopkins 2.Chadwick Boseman ğŸ† 3.Riz Ahmed 4.Gary Oldman 5.Steven Yeun
1758616996886003972	Huckberry	2024-02-16 22:19:00+00:00	en	How to win: â¡ï¸ Place any order of $75+, each order counts as one entry â¡ï¸ Enter before 3/31 at 11:59 PM PT â¡ï¸ One entry per person per day
1386442251845390336	adriana161100	2021-04-25 22:09:26+00:00	pt	Por favor, por favor, por favor Anthony Hopkins se MERECE ese Oscar
1386442237756678145	cho_adila	2021-04-25 22:09:22+00:00	en	don't vilify Anthony Hopkins if he wins The Oscar,he deserves it!
1758994148713976144	HandheldsRetro	2024-02-17 23:17:40+00:00	en	If you love retro games you will love our handheld retro console.
1386442192252723206	Lip073	2021-04-25 22:09:12+00:00	en	Do we already know if Anthony Hopkins will attend?? #Oscars
1386442155447570433	WadeJoh29579952	2021-04-25 22:09:03+00:00	en	@RoArquette @DTWIESE Even Anthony Hopkins?
1386442100061900803	herrerajuans	2021-04-25 22:08:50+00:00	en	@AnthonyHopkins Long live, Mr. Hopkins
1386441766639968264	JimEagle47	2021-04-25 22:07:30+00:00	en	#OscarsÂ  #Oscars2021 #AcademyAwards My picks:  Best Picture-The Father  Best Actor-Anthony Hopkins, The Father  Best Actress-Vanessa Kirby, Pieces of a Woman  Best Supporting Actor-Daniel Kaluuya, Judas and the Black Messiah  Best Supporting Actress-Youn Yuh-jung, Minari
1386441755352965120	hradzka	2021-04-25 22:07:27+00:00	en	consensus is that it is Bosemanâ€™s year but if anybody can upset him itâ€™s Anthony Hopkins delivering a powerhouse performance in THE FATHER
1386441699757539328	JuanRonco9	2021-04-25 22:07:14+00:00	en	Anthony Hopkins recita a Dylan Thomas
1386441437164748806	MugAtTheMovies	2021-04-25 22:06:12+00:00	en	incredible performances from Anthony Hopkins and Olivia Colman, wow
1386441284324311041	gloriesonfade	2021-04-25 22:05:35+00:00	en	i'm rooting for anthony hopkins for best actor and sound of metal to win best picture ğŸ•¯ and no i haven't watched all the nominated films but idc
1386441276791218176	PunamMohandas	2021-04-25 22:05:33+00:00	en	@AnthonyHopkins Please accept my sincere sympathies on your loss...and sorrow.
1386441200958197760	SamuraiStop	2021-04-25 22:05:15+00:00	en	Anthony Hopkins Will Win Best Actor  https://t.co/c5xozbRAMy https://t.co/m6xLbczlUp
1386441103369379840	alexkara1989	2021-04-25 22:04:52+00:00	en	Just watched the Nomadland; An ode to the American wild landscape. Frances McDormand was incredible (as usual). I think she and Anthony Hopkins in the Father gave a recital #Oscars
1386440956799373314	lexanrhia	2021-04-25 22:04:17+00:00	en	Chadwick is likely to win but I'm rooting for Sir @AnthonyHopkins for Best Actor in a Leading Role.â¤ #AcademyAwards2021 #TheFather
1759117095340818509	PlushieDreadful	2024-02-18 07:26:13+00:00	en	Emotional Support Plushies &lt;3
1386440773772644368	mitskiictrl	2021-04-25 22:03:33+00:00	en	olivia colman e anthony hopkins amo eles !!!
1386440759071580161	TheScelata	2021-04-25 22:03:30+00:00	en	#BestActor, always &amp; every year ğŸ˜Š  (I stopped thinking the Oscars have any more meaning or integrity than the endlessly silly Golden Globes the year some lesser actor walked away w/ @AnthonyHopkins' #oscar for "Remains of the Day" - one of the finest performances ever filmed) https://t.co/3CyUc1ZUZP
1758994148697190771	HandheldsRetro	2024-02-17 23:17:40+00:00	en	If you love retro games you will love our handheld retro console.
1386440690997948416	GeorgeAddison87	2021-04-25 22:03:14+00:00	en	Ok, it's now the 26th of April in my time zone. If something nice happens over the next few hours, like #AnthonyHopkins winning the Best Actor #Oscar, for me it will happen on this date rather than the 25th, which is the worst possible anniversary for me.
1386440680533229569	emilysznn	2021-04-25 22:03:11+00:00	en	Any guesses on whoâ€™s winning best actor? My guess is Anthony Hopkins
1386440511620190209	lolafarinas	2021-04-25 22:02:31+00:00	en	Another year that I am not attending @DolbyTheatre for the #AcademyAwards ceremony ğŸ˜•  Anyway, still watching #OscarsÂ  from home and excited for my favorites of 2020 #PromisingYoungWoman #CareyMulligan #NomadlandÂ   #ChloeZhao #TheFather #AnthonyHopkins #SoundOfMetal https://t.co/mslqPBxVO0
1386440322486525960	Clevitt17	2021-04-25 22:01:46+00:00	en	Locks of the night  Sound of Metal in the sound category  Daniel Kaluuya for Best Supporting Actor Soul for Best Animated Feature  Chadwick Boseman winning Best Actor posthumously although there is a tiny chance an Anthony Hopkins win spoils this
1760823645864391074	Covalent_HQ	2024-02-23 00:27:26+00:00	en	ğŸ§© GoldRush-Kit by Covalent! ğŸ¨  Build beyond the block explorer and craft rich experiences within your Dapp UI.  Simplified deployment, modular design and open source.  Elevate your Dapp development. #TellYourDappStory  https://t.co/FuwqCdtX3a
1386440262008729600	Jo121325	2021-04-25 22:01:31+00:00	en	Anthony Hopkins is the only actor nominated with a brain! ğŸ˜‚ #Oscars
1386440229318393858	vramos11	2021-04-25 22:01:24+00:00	en	A quick study in oils of Anthony Hopkins!! https://t.co/olhI8M6lkp
1386440045695954945	haizivjbende	2021-04-25 22:00:40+00:00	en	Mani predictioni: Best picture - "Nomadland"  Best leading male actor - Anthony Hopkins in "The Father"  Best actor in a supporting role - Lakeith Stanfield in "Judas and the Black Messiah"  Best actress in a leading role - Frances McDormand in "Nomadland"
1386440020723130368	CKB84	2021-04-25 22:00:34+00:00	en	@blakeruane A friend of mine had a copy of The Father that I could watch and I just finished it an hour ago. It was very good but itâ€™s sad and hit home a bit for me. But Anthony Hopkins and Olivia Coleman were great in it.
1386440008211574791	AndersN73165969	2021-04-25 22:00:31+00:00	en	@AnthonyHopkins No birth, no death. You are the Universe. You have always been here and you will always be here.
1386439861100494849	clamchowder7	2021-04-25 21:59:56+00:00	en	#Oscars BEST ACTOR ANTHONY HOPKINS ğŸŒŸ BEST PICTURE THE FATHERğŸŒŸ BEST ACTRESS FRANCES MCDORMANDğŸŒŸBEST SUPORTING ACTRESS GLENN CLOSEğŸŒŸ BEST SUPORTING ACTOR LESLIE ODOM JR ğŸŒŸ BEST DIRECTOR CHOLE ZHAOğŸŒŸ BEST FILM EDITING YORGOS LAMPRINOS ğŸŒŸBEST PRODUCTION DESIGN THE FATHERğŸŒŸ#Montreal https://t.co/gZCW2BpExR
1386439848592953344	medunklin	2021-04-25 21:59:53+00:00	en	No performance this year other then Anthony Hopkins has broke my heart like Riz Ahmed. Boy you deserved #Oscars
1386439832130527242	lmaia	2021-04-25 21:59:49+00:00	en	Actor in a Leading Role  Who will win: Chadwick Boseman Who I think should win: Haven't seen the father, but I'm ready to believe that Anthony Hopkins should win (he , in fact, might just pull up an upset). Out of those I've seen, I'd give it to Riz Ahmed
1386439825696247808	gaviota_nasty	2021-04-25 21:59:47+00:00	en	quiero mucho a Anthony Hopkins
1386439723753918464	saidthedormouse	2021-04-25 21:59:23+00:00	en	@TheAcademy has got to give an #Oscar to The King and if it doesn't, in the public's mind, #ChadwickBoseman has already won #bestactor on merit and respect. @AnthonyHopkins' #Lear on @Netflix was astounding, though, Lear as I always imagined, @BAFTA so deserved.
1386402129309573123	Variety	2021-04-25 19:30:00+00:00	en	#Oscars best actor predictions: While Anthony Hopkins won the BAFTA, Chadwick Boseman looks to have just enough to take this trophy https://t.co/UCW3plNg3t https://t.co/pX8PIRjDda
1386439678035828738	MartyOropeza	2021-04-25 21:59:12+00:00	en	Actor, Leading Role  Will Win: Chadwick Boseman, Ma Rainey's Black Bottom Should Win: Anthony Hopkins, The Father  Bangers in this category. Ahmed, Riz, and Yeun are all incredible. Chadwick is always a force. But I was blown away by Hopkins performance. The grace, vulnerability.
1386439389719371776	Profiessor	2021-04-25 21:58:03+00:00	en	@AnthonyHopkins @purplehayz Peace, peace, he is not dead, he doth not sleep.  He has awakened from the dream of life.....
1386438983253733388	BorisSavija	2021-04-25 21:56:27+00:00	en	Sir @AnthonyHopkins, I want you to win the award at the #Oscars tonight! You deserve it! Break a leg!
1742181197114228852	getTheConqueror	2024-01-02 13:49:00+00:00	en	Challenge yourself to earn the stunning THE LORD OF THE RINGS medals
1386438976005836802	jamlima77	2021-04-25 21:56:25+00:00	en	@KatiVianna @adorocinema Anthony Hopkins ğŸ˜ https://t.co/vL9xOC6RS3
1386438930652753922	cozyvibes	2021-04-25 21:56:14+00:00	en	@AnthonyHopkins Sending massive smooches, and cozy thoughts your way.
1386438898453139457	susanrkp	2021-04-25 21:56:06+00:00	en	@DaddyOh Watched â€œThe Fatherâ€ with Anthony Hopkins. He deserves and Oscar and itâ€™s going to require some tear dabs....
1386438856988315649	nelsoncarvajal	2021-04-25 21:55:56+00:00	en	[6/6] *Very Possible Upsets*  Anthony Hopkins' recent BAFTA win helps him triumph over Boseman for Best Actor  Vanessa Kirby benefits from the four-way split vote of her fellow nominees and walks away with the Best Actress Oscar  CRIP CAMP wins Best Doc  MANK goes 0 for 10
1386438853167390720	banky_I	2021-04-25 21:55:56+00:00	en	Oh wait, wait, Anthony Hopkins is VERY good in 'The Father'
1386438806086184960	gultakti_	2021-04-25 21:55:44+00:00	en	Best picture: Nomadland Director: Chloe Zhao Actor: Anthony Hopkins Actress: Frances McDormand Animated movie: Soul Cinematography: Joshua Richards Visual Effects: Tenet Sound: Sound of Metal  #Oscars
1386438708572786689	nicolasnicola22	2021-04-25 21:55:21+00:00	en	@AnthonyHopkins Hello Mr. Hopkins. Evocative. Deepest sympathies. [Now write as not seen you in a film so prompted by a friend to go with her to see The Father. Last scene with trees reminded me how for the Ancient Greeks Fate for each life was like a leaf on a tree to be directed by the wind]. https://t.co/LGuIbnyhJ3
1386438622547677185	therese_bradley	2021-04-25 21:55:01+00:00	en	@AnthonyHopkins Sending so much love and fellowship darlin heart.x
1752001074167513214	MalbonGolf	2024-01-29 16:09:41+00:00	en	.@adidas GolfÂ ğŸ¤ Malbon GolfÂ Crosby Collection OUT NOW.  Are you as jazzed as we are?Â ğŸ¶  Available now on at https://t.co/Q9OFpqlH7d https://t.co/aj80spDGyl
1386438588041072640	tmaccoftime	2021-04-25 21:54:52+00:00	en	The sound design in The Sound of Metal was brilliant and the way they presented deafness was very insightful to me. Similarly, the way The Father presented Alzheimer's was something that's difficult to do in a film, but it was fantastic.  Anthony Hopkins is amazing he killed it.
1386438573574946819	mateogeovanny	2021-04-25 21:54:49+00:00	en	I got a chance to watch #TheFather this past week and wow, Anthony Hopkins. The 81-year-old legend is now the oldest person ever nominated for Best Actor, and with good reason. His turn as an elderly man dealing with dementia is heartbreaking. Truly some of his best work. https://t.co/XH3TCbn1yL
1386438432981798913	hardzardsabri	2021-04-25 21:54:15+00:00	en	Since #Oscars is tonight. These are my personal favs:  Best Movie: Nomadland. Best Director: ChloÃ© Zhao, Nomadland. Best Actor: Anthony Hopkins.  Best Actress: Frances McDormand/ Carey Mulligan Best Supp Actress: Olivia Colman
1386438190970675207	imrealisaac	2021-04-25 21:53:18+00:00	en	My expectations for tonight  Best Picture: #Nomadland  Actress Lead: Frances Mcdormand  Actor Lead: Anthony Hopkins  Directing: Chloe Zhao  International Feature: Another Round  Actor Support: Daniel Kaluuya  Actress Support: Yuh Jung Youn  Original Song: Speak Now  #Oscars https://t.co/xlRiqimiHa
1386437809536335872	irem_trky	2021-04-25 21:51:47+00:00	en	Best Actor is a very tough one. All nominees gave  incredible performances, really. But #imho; Will win: Chadwick Boseman (#MaRaineysBlackBottom) Should win: Anthony Hopkins (#TheFather) Hopkinsâ€™ is mesmerizing in this film. He IS the film.  #Oscars
1386437738518302723	OutVLAnder_Al	2021-04-25 21:51:30+00:00	en	@AnthonyHopkins @vlavla your rendition still breaks my heart
1386437658654613511	showbiz411	2021-04-25 21:51:11+00:00	en	Anthony Hopkins Not at the #Oscars , But Quoting Dylan Thomas at His Father's Wales Graveside https://t.co/lOR0ihczNH via @showbiz411
1750608476714205206	Huckberry	2024-01-25 19:56:00+00:00	en	The Stretch Ripstop Waxed Field Jacket from Flint and Tinder perfectly nails that Brando-esque cool from "On the Waterfront" with its double-stacked chest and waist-pocket style.
1386437519617626113	ryeguy427	2021-04-25 21:50:38+00:00	en	Oscar Predictions: Best Original Screenplay: Promising Young Woman Best Adapted: Nomandland Best Supporting Actress: Youn Yuh-jung Best Supporting Actor: Daniel Kaluuya Best Actor: Anthony Hopkins Best Actress: Viola Davis Best Director: David Fincher
1386437247830949889	damatthemovies	2021-04-25 21:49:33+00:00	en	Leading Actor  Will Win: Chadwick Boseman Could Win: Anthony Hopkins Should Win: Hopkins Shouldâ€™ve Been Here: Delroy Lindo (Da 5 Bloods)  Itâ€™s a shame Boseman wonâ€™t be here to accept his award. Hopkins give his best performance in 30 years.
1759958720765669707	LaLigaEN	2024-02-20 15:10:32+00:00	en	Build your dream fantasy team with GameOn LALIGA War Chest! ğŸ®âš½  Secure your spot â€“ 30,000+ on the public waitlist.  â¡ï¸ Comment #GAMEONLALIGA and tag a friend for a chance of pre-sale access.  (GameOn will DM you)
1386437126435184640	FilmInquiry	2021-04-25 21:49:04+00:00	en	#Oscars2021 are tonight and we want to know your predictions!   For: Best Actor A. Riz Ahmed - Sound of Metal B. Chadwick Boseman - Ma Rainey's Black Bottom C. Anthony Hopkins - The Father D. Gary Oldman - Mank   E. Steven Yuen - Minari https://t.co/WE2rcCI8mR
1386436963595526144	izzychao	2021-04-25 21:48:25+00:00	en	couldnt remember the  name of timothy hodge (the statement giver from MAG 06) and said â€œanthony hopkins?â€ true dunce behavior
1386436845370630146	ChrisWerner_WL3	2021-04-25 21:47:57+00:00	en	#Oscars In my heart the best actor of this year is Anthony Hopkins in... https://t.co/1rPQx6wVY1
1386436811312881668	RetweetJoel	2021-04-25 21:47:49+00:00	en	ACTOR IN A LEADING ROLE  Prediction: Anthony Hopkins - The Father, @AnthonyHopkins #TheFather     Favorite: Riz Ahmed - Sound of Metal, @rizwanahmed #SoundOfMetal @SoundOfMetalUK  #Oscars #Oscars2021  #OscarNoms #AcademyAwardsâ  â 
1742181322893021367	getTheConqueror	2024-01-02 13:49:30+00:00	en	Challenge yourself to earn the stunning THE LORD OF THE RINGS medals
1386436702244270080	fersoprana	2021-04-25 21:47:23+00:00	en	ACTOR IN A LEADING ROLE  torcida: Chadwick Boseman  favoritos: Chadwick Boseman e Anthony Hopkins
1386436676357025796	GabyMontero30	2021-04-25 21:47:17+00:00	en	@AnthonyHopkins Hi Niblo I'm your loyal follower
1386436568798228482	SanFama	2021-04-25 21:46:51+00:00	en	@AnthonyHopkins I love you
1668959750048870402	VermontSlateCo	2023-06-14 12:33:06+00:00	en	Renovating your faÃ§ade is easier and cheaper than you think!
1386436362593873923	portraitsciamma	2021-04-25 21:46:02+00:00	en	@JoshOConnor15 so true josh o'connor loving anthony hopkins
1386436281920413699	miguemonteropr	2021-04-25 21:45:43+00:00	en	Here are my favorite performances for the #Oscars acting awards (Not necessarily who will win): Actor: Chadwick, (also liked Anthony Hopkins in The Father) Actress: Carey Mulligan Supporting Actor: Daniel Kaluuya Supporting Actress: Maria Bakalova
1386435896103243777	AManofLamancha	2021-04-25 21:44:11+00:00	en	@AnthonyHopkins Rest in peace Richard Hopkins, you left us with a fantastic son.
1386435116864581634	I_Zebz	2021-04-25 21:41:05+00:00	en	My wishlist: Best Actor  - Anthony Hopkins you were magnificent in The Father, but sorry, I really need a Chadwick Boseman win.  Best Actress - Viola, please give way For Andra day. I won't be mad if you win though. This category  has been so stressful.  #Oscars
1386254674106458112	I_Zebz	2021-04-25 09:44:04+00:00	en	Happy Oscars day. ğŸ˜ğŸ˜
1386435082605453319	luizettocd	2021-04-25 21:40:57+00:00	en	Not always the best performance wins, but this fantastic actor deserves it Anthony Hopkins! https://t.co/zNR1WkQrhO
1386436801422774274	inaman195	2021-04-25 21:47:46+00:00	en	Anthony Hopkins will posthumously win Best Actor for The Father.
1386436187984998400	yemi_bamiro	2021-04-25 21:45:20+00:00	en	#Nomadland clean sweep tonight. Chloe wins best director. King Kaluuya brings it home, Two Distant Strangers is victorious for best short. Mank going home empty-handed. Minari won't. Not will Anthony Hopkins. Let's see how well this tweet ages! #Oscars
1386435074778832901	califorlana	2021-04-25 21:40:55+00:00	en	the father realmente te llega, anthony Hopkins superior
1386434948517613569	mattttpolatas	2021-04-25 21:40:25+00:00	en	Oscars 2021 Big 5 Picks: Picture: Nomadland Actor: Anthony Hopkins Actress: Carey Mulligan Director: Chloe Zhao Screenplay: Minari (Original), The Father (Adapted)  My favorite film: Sound of Metal
1609147580222504960	getTheConqueror	2022-12-31 11:20:54+00:00	en	Challenge yourself to earn the stunning Mount Fuji medal  The Mount Fuji Virtual Challenge takes you through a breathtaking 46 miles (74 km) journey to Mount Fuji, also known as Fujisan â€” the highest volcano in Japan.  Sign up now!
1386434634246938627	vianitos	2021-04-25 21:39:10+00:00	en	Anthony Hopkins ou Gary Oldman?  #Oscars
1386434423025913856	notdettyp	2021-04-25 21:38:19+00:00	en	MANIFESTING FOR ANTHONY HOPKINS TO WIN BEST ACTOR
1386434368088940544	katieisafilmfan	2021-04-25 21:38:06+00:00	en	Best Leading Actor  Chadwick Boseman #MaRaineysBlackBottom - https://t.co/GAvPkR0Ymy  Anthony Hopkins #TheFather - https://t.co/J0wmsMcTd4  Riz Ahmed #SoundofMetal - https://t.co/Okc4xfLmCf https://t.co/1a83mWuITf
1386434283062050816	andrade_summer	2021-04-25 21:37:46+00:00	en	@caiodaquino Melhor ator Anthony Hopkins
1668935545383264258	VermontSlateCo	2023-06-14 10:56:55+00:00	en	ğŸ“ The architects opted for the CUPACLAD System, which is made from the most time-tested, weather-resistant pure stone material known to mankind: natural slate
1386434202040557569	kPlef	2021-04-25 21:37:27+00:00	en	Best Actor in a Leading Role: Chadwick Boseman in Ma Rainey's Black Bottom, his speech towards the end was amazing. Anthony Hopkins in The Father was also amazing, but I think Chadwick will get it.
1386434074932256772	empheratriz1	2021-04-25 21:36:56+00:00	en	@AnthonyHopkins You always move me. Much more at this time. My respects Sir!
1386433815397076994	JMPousada	2021-04-25 21:35:54+00:00	en	oh m gee anthony hopkins
1386190856261029890	deanjnorris	2021-04-25 05:30:28+00:00	en	Now just having f*$king  fun https://t.co/qLdmps0vKc
1386433774762614785	meeesopon	2021-04-25 21:35:45+00:00	en	#93rdOscarsKenty #K_T_T  Good morning, Kento!  The Oscars are finally here!   I haven't seen all of them, so I can't give you my predictions. But I guess Anthony Hopkins'Father was very much much on my mind! And I'm curios to see where the Asian one goes!  I'm excited!
1386433658270060545	ferguther241086	2021-04-25 21:35:17+00:00	en	@AnthonyHopkins What a pleasure Sir. Blessings.
1386433019662135298	Ginanigro2	2021-04-25 21:32:45+00:00	en	@AnthonyHopkins It's so lovely to see an actor who's not full of Hollywood bull dust, you make me pine for my mother and father. Unfortunately as they were cremated don't know where their ashes are. ğŸ˜ğŸ˜”ğŸ˜¢
1386432891945553923	krishk	2021-04-25 21:32:14+00:00	en	My #Oscars recommendations: #bestfilm The Trial of the Chicago 7 #bestactor Anthony Hopkins ( The Father) #bestactress Vanessa Kirby #bestsupportingactress Olivia Coleman #bestanimated SOUL How about you?
1386432643898748931	incrivelmentene	2021-04-25 21:31:15+00:00	en	â¡MELHOR ATOR Riz Ahmed, de O som do silÃªncio (Amazon Prime Video, Now, Google Play, Apple TV, Looke) Chadwick Boseman, de A voz suprema do blues (Netflix) Anthony Hopkins, de Meu pai (Now, Google Play) Gary Oldman, de Mank (Netflix) Steve Yeun, de Minari (Em cartaz nos cinemas)
1386432192910225408	agusialke2	2021-04-25 21:29:28+00:00	en	@rafalzawierucha @TheAcademy @AnthonyHopkins Anthony top!!
1386431828026814467	thiagoxmcx	2021-04-25 21:28:01+00:00	en	torcendo pro anthony hopkins ğŸ¤«
1759117095340818509	PlushieDreadful	2024-02-18 07:26:13+00:00	en	Emotional Support Plushies &lt;3
1386431574737002501	ElijahMurlor	2021-04-25 21:27:00+00:00	en	Although not all my favourite performances of the year Iâ€™m going to rank the nominees on personal preference:  Best Actor: 1. Anthony Hopkins - The Father 2. Chadwick Boseman - Ma Rainey 3. Riz Ahmed - Sound of Metal 4. Gary Oldman - Mank 5. Steven Yeun - Minari   #Oscars
1386431548971384835	speakupok	2021-04-25 21:26:54+00:00	en	@AnthonyHopkins Stay with us a long time, please ğŸŒºâ¤ï¸
1741433061730824594	getTheConqueror	2023-12-31 12:16:10+00:00	en	Fancy destroying the famous One Ring on your own?  THE LORD OF THE RINGS Virtual Challenge Series will make you accountable to staying active as you follow Frodo and Sam's famous  journey to destroy the One Ring.
1386431540477968387	JustinHoliman	2021-04-25 21:26:52+00:00	en	Best Actor: Chadwick Boseman (Ma Rainey's Black Bottom)  Anthony Hopkins in the Father captured my heart, but Boseman's monologue blew me away. Easily the most difficult choice to make of the year. The last scene of the Father nearly destroyed me.
1386431457095163905	JamesScrambles	2021-04-25 21:26:32+00:00	en	Lead Actor 1. Riz Ahmed for Sound of Metal 2. Anthony Hopkins for The Father 3. Chadwick Boseman for Ma Rainey's Black Bottom 4. Steven Yeun for Minari 5. Gary Oldman for Mank   Will Win: Chadwick Boseman for Ma Rainey's Black Bottom
1386431393853435907	Fersmind	2021-04-25 21:26:17+00:00	en	My Oscars predictions:  Best Picture: Nomadland Best Actress: Carey Mulligan Best Actor: Anthony Hopkins Best Supporting Actress: Yuh-Jung Youn Best Supporting Actor: Daniel Kaluuya Best animated film: Soul Best Cinematography: Mank Best Director: Chloe Zhao
1386431090357796872	JessicaLoera97	2021-04-25 21:25:05+00:00	en	Que gane Anthony Hopkins Que gane Anthony Hopkins Que gane Anthony Hopkins Que gane Anthony Hopkins Que gane Anthony Hopkins Que gane Anthony Hopkins Que gane Anthony Hopkins
1668934624368525313	VermontSlateCo	2023-06-14 10:53:16+00:00	en	Why was the CUPACLAD system specified here? ğŸ‘‡
1386430997760258051	MarianaR	2021-04-25 21:24:43+00:00	en	#Oscars Mezcla de lo que creo y lo que quiero ğŸ¤  Best Pict: Nomadland Dir: ChloÃ© Zhao Actor: Anthony Hopkins Actriz: Andra Day Actor in a Supp: Kaluuya Actriz in a Supp: Yuh-Jung Youn Animated Film: Wolfwalkers O.Screenplay: PYW A.Screenplay: The Father Cinematography: Nomadland
1386430866537263109	MelindaKozel	2021-04-25 21:24:11+00:00	en	1) The Father - incredible interpretation of dementia. Anthony Hopkins at his best and most real.
1386430858865774594	Mark01249888	2021-04-25 21:24:10+00:00	en	@AnthonyHopkins It looks peaceful there âœŒğŸ»
1386430849818652673	MinorityWhip	2021-04-25 21:24:07+00:00	en	3/7 BEST PICTURE:  Nomadland  BEST DIRECTOR: ChloÃ© Zhao (Nomadland)  BEST ACTOR IN A LEADING ROLE:  Anthony Hopkins (The Father)  BEST ACTRESS IN A LEADING ROLE:  Carey Mulligan (Promising Young Woman)  BEST ACTOR IN A SUPPORTING ROLE: Daniel Kaluuya (Judas &amp; the Black Messiah)
1746604698474602504	goseemless	2024-01-14 18:46:25+00:00	en	Musicians get 2X more fans, followers &amp; streams with Seemless. ğŸš€  Claim your free link in bio &amp; find out why 3,479 musicians have already switched from Linktree, FeatureFM &amp; ToneDen.  NO SIGNUP REQUIRED ğŸ‘‡ https://t.co/cW5ZDvHT5b
1386430740296916992	alexL_E_I	2021-04-25 21:23:41+00:00	en	forgot Anthony Hopkins was in Interstellar
1386358279446618112	AnthonyHopkins	2021-04-25 16:35:45+00:00	en	Richard Hopkins, my beloved father, resting in eternal peace... ğŸ´ó §ó ¢ó ·ó ¬ó ³ó ¿   â€œDo Not Go Gentle Into That Good Nightâ€ Dylan Thomas https://t.co/LbOegtGa9b
1386430724115296258	TalksBelly	2021-04-25 21:23:37+00:00	en	I hope @AnthonyHopkins wins Best Actor tonight for his starring role in The Father. A great film.  #Oscars
1386430661288816642	TheHeartOfCarol	2021-04-25 21:23:22+00:00	en	Anthony Hopkins Olivia Colman ğŸ™ğŸ™ğŸ™ğŸ™ğŸ™ğŸ™ğŸ™ğŸ™ #Oscars
1386430587192414208	DunduaNino	2021-04-25 21:23:05+00:00	en	@TheAcademy you better give Anthony Hopkins his Oscar!!!
1386430388059398147	Rouidaaa	2021-04-25 21:22:17+00:00	en	if anthony hopkins doesnâ€™t win best actor tonight IM THROWING HANDS
1386430324012457986	Brid_PA	2021-04-25 21:22:02+00:00	en	@AnthonyHopkins @angelatimlin Emotional and beautiful ğŸ˜ŒğŸ’•â¤â˜˜
1386430252809736195	VictoriaSenga	2021-04-25 21:21:45+00:00	en	@AnthonyHopkins Lovely... and good luck at the #Oscars
1386430206223654914	myrogeniche	2021-04-25 21:21:34+00:00	en	BEST ACTOR  Winner: Delroy Lindo, DA 5 BLOODS  Runner up: Orion Lee &amp; John Magaro, FIRST COW  Anthony Hopkins, THE FATHER  Christopher Abbott, POSSESSOR  Mads Mikkelsen, ANOTHER ROUND https://t.co/wzZmIByZCs
1386430025382076416	jenanjaperu	2021-04-25 21:20:51+00:00	en	@AnthonyHopkins @alvarezrodrich Our deepest condolences, sentiments and prayers are with you and your family ğŸ™ğŸ»â¤ï¸
1386429442315087873	1dor	2021-04-25 21:18:32+00:00	en	@Rod1968Rod @AnthonyHopkins Thank you very much! ğŸ˜Š
1386429193966084098	rachel_is_here	2021-04-25 21:17:33+00:00	en	I am rooting for Anthony Hopkins and Thomas Vinterberg tonight #Oscars
1741433061516939649	getTheConqueror	2023-12-31 12:16:10+00:00	en	Fancy destroying the famous One Ring on your own?  THE LORD OF THE RINGS Virtual Challenge Series will make you accountable to staying active as you follow Frodo and Sam's famous  journey to destroy the One Ring.
1386429155823083521	DTalbeaux	2021-04-25 21:17:24+00:00	en	Best Actor 1. Anthony Hopkins, â€œThe Fatherâ€ 2. Riz Ahmed, â€œSound of Metalâ€ 3. Chadwick Boseman, â€œMa Raineyâ€™s Black Bottomâ€ 4. Steven Yeun, â€œMinariâ€ 5. Gary Oldman, â€œMankâ€
1386428974193025031	feelswidow	2021-04-25 21:16:40+00:00	en	anthony hopkins oscar winner manifesting
1386428728499073026	BigBrother1988	2021-04-25 21:15:42+00:00	en	@AnthonyHopkins @ThatShelf Sorry for your loss. You have my deepest condolences.
1386428702225883136	rcz7795	2021-04-25 21:15:35+00:00	en	#Oscars Predictions: Movie: Nomadland Actor: Chadwick Boseman (Anthony Hopkins) Actress: Frances McDormand (Viola Davis) Supporting Actor: Daniel Kaluuya Supporting Actress: Olivia Colman (Amanda Seyfried) Director: Chloe Zhao  #AcademyAwards #Oscars2021
1668959346238029824	VermontSlateCo	2023-06-14 12:31:30+00:00	en	The faÃ§ade system that won over world-leading architect Norman Foster
1386428651395158017	danlybarger	2021-04-25 21:15:23+00:00	en	@pulmyears @AnthonyHopkins This review was actually a pleasure to write.  https://t.co/uqwPBTbNKz
1386428519496908802	Rod1968Rod	2021-04-25 21:14:52+00:00	en	@1dor @AnthonyHopkins that was class well done ğŸ‘
1386428352295161857	danlybarger	2021-04-25 21:14:12+00:00	en	@pulmyears We have had similar issues in my family, and â€œThe Fatherâ€ helped me cope with them. It puts you into @AnthonyHopkinsâ€™ head. It helps you to understand what someone with the condition is experiencing. Iâ€™ve seen the movie twice. The second viewing made me admire the craftsmanship.
1386428351305306115	claudioalvesDC	2021-04-25 21:14:12+00:00	en	Best Actor  Riz Ahmed, SOUND OF METAL Chadwick Boseman, MA RAINEY'S BLACK BOTTOM Anthony Hopkins, THE FATHER Delroy Lindo, DA 5 BLOODS Mads Mikkelsen, ANOTHER ROUND https://t.co/P0VEsrv3fL
1760117939376927076	ASUS	2024-02-21 01:43:12+00:00	en	A new era of depth in video is almost here!  #Zenfone11Ultra #ExpandYourVision promises a groundbreaking mode, subtly crafting depth like never before. Get set for an immersive reveal. Depth will never look the same!
1386428243251662849	wexlermcgilll	2021-04-25 21:13:46+00:00	en	si no gana anthony hopkins @TheAcademy TRUST you will be dealt with
1386428100813103111	naofujasdachuva	2021-04-25 21:13:12+00:00	en	@rtppt Anthony Hopkins
1386427939751792640	MisterVickers	2021-04-25 21:12:34+00:00	en	#3 #TheFather   Anthony Hopkins for his career is behind only Daniel Day Lewis in my opinion for delivering fantastic roles, but this was THE BEST ACTING Iâ€™VE EVER SEEN.  Anthony Hopkins should win Best Actor, Chadwick Boseman will (Iâ€™d rank him #2 this year).  Devastating movie.
1386427899302010891	Anghayho	2021-04-25 21:12:24+00:00	en	@AnthonyHopkins 'Rage Rage, against the Dying of the light' â¤ï¸
1386427810089037825	Emarged	2021-04-25 21:12:03+00:00	en	Anthony Hopkins's voice &gt;&gt;&gt;
1386427788169674753	tannerlafond	2021-04-25 21:11:57+00:00	en	@Klee_FilmReview Anthony Hopkins.  He won the BAFTA.  Boseman lost the Indie Spirit Awards.  The Father overperformed with Oscar nominations, Ma Rainey underperformed.  The hype grew for The Father at just the right time.
1386427743693271042	p_mirallesr	2021-04-25 21:11:47+00:00	en	@CanvidePla 1 Nomadland 2 Zoe 3 Carey Mulligan  4 Anthony Hopkins 5 Promising Young Woman 6 One Night in Miami 7 Lakeith Stanfield 8 Youn Yuh-jung #OSCARSCdP
1386427366948306944	Horacio_Staines	2021-04-25 21:10:17+00:00	en	@AnthonyHopkins Hermoso Sir Hopkins... no necesitÃ³ continuar... gracias... ğŸ™  So beautiful Sir Anthony... you neednâ€™t continue, that was enough thank you ğŸ™
1386427355120295938	shivthepatriot	2021-04-25 21:10:14+00:00	en	&amp; just before the #Oscars  night here I am.. (à¤¨à¥‹à¤Ÿ-à¤¤à¥à¤•à¥à¤•à¥‡ à¤¨à¤¹à¥€à¤‚ à¤¹à¥ˆ, à¤¸à¤­à¥€ à¤¨à¥‰à¤®à¤¿à¤¨à¥‡à¤Ÿà¥‡à¤¡ à¤«à¤¿à¤²à¥à¤®à¥‡à¤‚ à¤¦à¥‡à¤–à¤•à¤° à¤¬à¤¾à¤¤ à¤°à¤–à¥€ à¤œà¤¾ à¤°à¤¹à¥€ à¤¹à¥ˆğŸ˜)  BEST PICTURE: SOUND OF METAL Or NOMADLAND (It's tough one)  BEST ACTOR: RIZ AHMED (Sound of Metal) or ANTHONY HOPKINS (The Father)  (It's tough one too)
1758994148546298107	HandheldsRetro	2024-02-17 23:17:40+00:00	en	If you love retro games you will love our handheld retro console.
1386427346064842755	Bradscarface	2021-04-25 21:10:12+00:00	en	Anthony Hopkins - The Father
1386426956426760193	ellieboren	2021-04-25 21:08:39+00:00	en	Iâ€™m really torn on who should take Best Actor tonight. Riz Ahmed and Anthony Hopkins both gave incredible performances. Riz maybe felt a bit more naturalistic?
1386426900357156865	JeffGoldwater	2021-04-25 21:08:26+00:00	en	@_KellyKayyy_ It is SOOOOO good. Mads Mikkelsson plays Lecter maybe even better than Anthony Hopkins.
1386426412844814336	abiitisMe	2021-04-25 21:06:30+00:00	en	"I feel as if I am losing all my leaves.." ğŸ˜­ğŸ¤§ Ticking off the last few in my oscar binge-athon. Grrr but srsly Why is every single oscar nominated movies I watched so far has been such a cry fest leave me in a mess ones this year ?! #thefather #anthonyhopkins #GOAT https://t.co/jI5VURZcP2
1760439255908733300	MakingWaveTalk	2024-02-21 23:00:00+00:00	en	Don't let manual data transfer lead to costly typos and wasted time, leaving your customers dissatisfied. Connect your systems to ensure all crucial customer data is synchronized at all times. Learn more here!
1386426194350854148	DeemScorsese	2021-04-25 21:05:37+00:00	en	The film I watched was The Father. Personal emotions aside, Anthony Hopkinsâ€™ performance floored me. I was enamored from the first scene. The range of emotions he went through was a joy to watch. Although the whole film took place indoors, the long shots and framing were ğŸ¤ŒğŸ»
1386425894399483905	Marleymars15	2021-04-25 21:04:26+00:00	en	Anthony Hopkins winning Best Actor
1386344083904417792	MMandOscar	2021-04-25 15:39:21+00:00	en	Biggest upset of #Oscars night tonight will be....
1386425336171204611	celsodossi	2021-04-25 21:02:13+00:00	en	@rapho_ ele: anthony hopkins kk
1386425328130838533	RobertC15097994	2021-04-25 21:02:11+00:00	en	@AnthonyHopkins Sir Anthony, thank you for raging against the dying of the light. Your luminosity brightens our days and you remind us of the glory and splendor of the light. God bless you and your family. Your father is beaming with pride how could it be otherwise. Thank you for sharing.
1386425021304868866	matheusmorikawa	2021-04-25 21:00:58+00:00	en	MELHOR ATOR  Aposta: Chadwick Boseman Torcida: Anthony Hopkins
1749545472253968550	Huckberry	2024-01-22 21:32:00+00:00	en	Introducing: The best-fitting pants on the internet. For a limited time, buy 2 pairs and save $20.
