1635536156149391360	acharya_jatin	2023-03-14 06:59:41+00:00	en	@daverandla My feeling on #BrendanFraser - it is in his Eyesâ€¦they show how Genuine he isâ€¦
1635536043851276289	FilmyUpdatesv	2023-03-14 06:59:14+00:00	en	2023 #Oscars top mentions across social and news media over the past 24-hours!  â­ Top Mentioned Actors:  1. #JrNTR 2. #RamCharan  3. #KeHuyQuan  4. #BrendanFraser  5. #PedroPascal   #Oscar #Oscars95 #AcademyAwards #Oscars2023 https://t.co/IyimDcTzGw
1635535906579922945	saneekoodhu	2023-03-14 06:58:41+00:00	en	nah, brendan fraser really deserved.
1635535868764258305	chic_chua	2023-03-14 06:58:32+00:00	en	Ako lang ba yung gusto rin umiyak nung nagsspeech si brendan fraser for his win at the Oscars? From being one of my childhood crushies from the Mummy and George of the Jungle, to now winning such a once in a lifetime award, secondhand emotions talaga ğŸ˜­
1635535817342058496	UnquenchableJoy	2023-03-14 06:58:20+00:00	en	@jackdnoonan @daverandla Good for you lol Iâ€™ll sum it up so you donâ€™t have to hurt your brain or strain your eyes, Brendan Fraser  fought for them and helped get 80 percent of what was due sadly it took over two years for the fx team to get paid for work on journey to the center of the earth movie.
1635535419700813824	nodsaibot	2023-03-14 06:56:45+00:00	en	@Nerdrotics people only saw it for brendan fraser
1635535086170013696	b3n1c3n0w	2023-03-14 06:55:25+00:00	en	Brendan Fraser rocks!  But what will fix such an odious system is UNIONS! I thought Canada was better than US wrt bankruptcy as an unethical way 4 wealthy to get out of paying their dues. Nope Canada seems to have plenty loopholes 4 corrupt film makers &amp; charlatans to operate!
1635534587567955968	sendmeluvlttrs	2023-03-14 06:53:27+00:00	en	I would let brendan fraser hold my drink
1635534574426963969	iratespecialyst	2023-03-14 06:53:23+00:00	en	Brendan Fraser won the award for his acting talent, not the fat suit. Stop pretending you care. You make soap, stick to that and leave the social commentating to us assholes on Twitter.
1635401854678073345	Dove	2023-03-13 22:06:01+00:00	en	@KBHeylen Stop giving fat suits awards â€¼ï¸ We want better representation in Hollywood. #LetsChangeBeauty
1635534449508057088	zdroberts	2023-03-14 06:52:54+00:00	en	So who is writing the script for the Brendan Fraser/Ke Huy Quan buddy movie. Can I be the set photographer?
1635534392406818818	RumiWrites	2023-03-14 06:52:40+00:00	en	"I guess darkness serves a purpose: to show us that there is redemption through chaos. I believe in that." -Brendan Fraser #quotes
1635534241852190720	enigmaticunus	2023-03-14 06:52:04+00:00	en	@RiseFallNickBck this is how i figure out tt was voice by brendan fraser, and i love it.
1635533856672718848	GullyDaMonsta	2023-03-14 06:50:32+00:00	en	Iâ€™ve always been a fan of #BrendanFraser growing up as a kid. I even still quote â€œdonde esta el bibliotechaâ€ to this day because of him. Iâ€™m happy that he is back in the spot light and winning big.
1635120787928776704	Variety	2023-03-13 03:29:09+00:00	en	Brendan Fraser accepts the #Oscar for Best Actor for #TheWhale. https://t.co/ndiKiHfmID https://t.co/kNuDy85dpH
1635533576363208706	JustineLPorter	2023-03-14 06:49:26+00:00	en	@lara814 I cried during his best supporting actor speech. Him and Brendan Fraser gave me all the feels.
1635533367415324672	iteewo	2023-03-14 06:48:36+00:00	en	@KBHeylen It is not a documentary, it is a movie, I'm also fat and Im happy Brendan Fraser is making a movie and getting an Oscar for his work, he is a great actor and the makeup is part of that amazing work.
1635533270355156992	cshel718	2023-03-14 06:48:13+00:00	en	Agreed. The Whale really did suck. #BrendanFraser #Oscar2023
1635121512280883200	JoeBerkowitz	2023-03-13 03:32:02+00:00	en	I love how everybody loves Brendan Fraser and fucking hates the Whale. It's the only thing that brings us all together.
1635533120501084160	MsVanessaLF	2023-03-14 06:47:37+00:00	en	Itâ€™s makes me so incredibly happy that Brendan Fraser won an Oscar for The Whale. He absolutely deserved it and this wonderful comeback! ğŸ˜­ğŸ¥¹
1635532842968162304	mikeyonmute	2023-03-14 06:46:31+00:00	en	So, whatâ€™s next in our usual timeline of stupid? Gen Z discovers Encino Man and films themselves doing the dance from it on TikTok? Neil DeGrasse Tyson tells us everything wrong with Brendan Fraserâ€™s depiction of a caveman? Astin or Shore get labeled a â€œzaddy?â€ #oscars
1635532820087971842	clfrlgrl	2023-03-14 06:46:25+00:00	en	okay thatâ€™s all, this was fun to review and honestly really hard to pick out, i really enjoyed the event and i am so proud of eeaao and brendan fraser !! (even tho my queen got scammedâ€¦) anyways, see u all whenever i am free. i guess. xx
1635532534988816386	KyleFortesque	2023-03-14 06:45:17+00:00	en	1. Brendan Fraser won that Oscar, not the fat suit.  2. Fuck that. Being fat is unhealthy. If you think being fat is part of your 'identity', you're deluded.
1635532204867735555	jacehammy2	2023-03-14 06:43:59+00:00	en	To me this is #BrendanFraser oscar winning performance ğŸ†  It's iconic âœ¨  #GeorgeOfTheJungle ğŸ’›ğŸ’™ğŸ’š https://t.co/xXKrr9mQ0G
1635532001615773699	JoJoDonovan	2023-03-14 06:43:10+00:00	en	The fact that I only realised after finishing @TheWhaleMov that it's all set in one room shows how extraordinary the performances are from each actor. I loved this film and I'm over the moon Brendan Fraser won the Oscar.
1635531883504099329	fortunyandco	2023-03-14 06:42:42+00:00	en	Oscars 2023: Brendan Fraser, winner of Best Leading Actor for 'The Whale' https://t.co/LNzWwNRbed
1635531641170051073	ChadValentine89	2023-03-14 06:41:44+00:00	en	Now that Brendan Fraser's redemption arc is complete, next time he starts blubbering on camera can we please send him straight to the Gulag?
1635531468167421952	magic1021	2023-03-14 06:41:03+00:00	en	Brendan Fraser's career comeback reached its apex Sunday evening when he reached for his Best Actor Oscar for his performance in Darren Aronofsky's drama The Whale. https://t.co/vwy5p9mZes
1635531205092229127	kennygdude	2023-03-14 06:40:00+00:00	en	@BatmanFilm_ Not even brendan fraser could save that movie. Its not like doom patrol is a an award winning series
1635531136498638849	___aagz	2023-03-14 06:39:44+00:00	en	Iâ€™m so happy for Brendan Fraser
1635530763889266689	RiseFallNickBck	2023-03-14 06:38:15+00:00	en	Congrats to Turbo Thunder, for now being voiced by an Oscar winning actor in Brendan Fraser  Gotta love fun trivia like this! Lol https://t.co/Qwu2paYO4W
1635530760613658624	americanwombat	2023-03-14 06:38:14+00:00	en	I worked with Dave at IMD and heard the Meteor story from him but didn't hear the Brendan Fraser part! I think I mentioned the Meteor story before as an example of why VFX artists need a union
1635530501292433408	jacehammy2	2023-03-14 06:37:12+00:00	en	I'm sorry but #BrendanFraser should've won the Oscar for playing George ğŸ†  #GeorgeOfTheJungle ğŸ’›ğŸ’™ğŸ’š  THIS ğŸ‘‡ https://t.co/uP70aw6jnt
1635530442073063424	YoungCorey	2023-03-14 06:36:58+00:00	en	The goat Brendan Fraser https://t.co/fQ1p8Dxzsf
1635530284601933824	fonsythesnowman	2023-03-14 06:36:21+00:00	en	Finally, on February 10, 2021, Hong Chau was in talks to join Darren Aronofsky's next film alongside Brendan Fraser, Sadie Sink and Samantha Morton. https://t.co/Wo0kyribiO
1635530202792042496	fonsythesnowman	2023-03-14 06:36:01+00:00	en	On January 11, 2021, Darren Aronofsky's follow-up to mother! landed at A24 with Brendan Fraser set to star. https://t.co/eV5VR548aZ
1635530130809556992	iibnf	2023-03-14 06:35:44+00:00	en	I wondered if #brendanfraser was given a pity Oscar (what? It happens!) so I hoped on the treadmill to watch The Whale and now I hurt deep in my throat.  Feels, I have them.  I think he deserves a few more Oscars for this (and so does the guy who did the prosthetics!).
1635530020616650752	Thedjborst	2023-03-14 06:35:18+00:00	en	So glad Brendan Fraser won best actor and is back in movies https://t.co/HUWq5rJG6O
1635529963955953669	Pesketh	2023-03-14 06:35:04+00:00	en	@DiscussingFilm They can thank Will Smith and Brendan Fraser for that
1635529962944880642	kuramsalyorgun	2023-03-14 06:35:04+00:00	en	Chemistry âœ”ï¸ Charming âœ”ï¸ Exciting âœ”ï¸ Entertaining âœ”ï¸ Magnificient âœ”ï¸ Academy award âœ”ï¸  Please give me Mummy 4. #BrendanFraser #RachelWeisz https://t.co/qxc6VCzDqN
1635529777095245826	E28549	2023-03-14 06:34:20+00:00	en	@DiscussingFilm Thanks to Brendan Fraser and Ke Huy Quan
1635529406272733186	JudithStaskunas	2023-03-14 06:32:51+00:00	en	@AdamRBond Adam, is that you on the left? If so, I love the clean shaven look, I also like Brendan Fraser. Not to much into award shows though. ğŸ¥°ğŸ¥°ğŸ¥°ğŸ™‚ğŸ™‚ğŸ™‚
1635528911445475328	Phase9tv	2023-03-14 06:30:53+00:00	en	The Whale (2023) Special Feature â€˜The Apartmentâ€™ â€“ Brendan Fraser https://t.co/jvOkU9Irz3
1635528737554059264	MantaBluRay	2023-03-14 06:30:12+00:00	en	My #Oscars 2023 thoughts: Brendan Fraser well-deserved, Ke Huy Quan YAY!!!, Michelle Yeoh FINALLY!, No JLC hate but it should've been Angela Bassett or Stephanie Hsu, GDT Pinocchio good but Turning Red better, Never saw All Quiet on the Western Front ? ğŸ¤·â€â™‚ï¸, Ruth Carter FTW,...
1635528734097780736	Robthebuilder81	2023-03-14 06:30:11+00:00	en	How does Warner Bros Discovery feel now that they cancelled a movie starring now Academy Award winning actor, Brendan Fraser? https://t.co/nkymAJmR2B
1635528281079545857	MattiBlvd	2023-03-14 06:28:23+00:00	en	Brendan Fraser the GOAT, but damn he still deserves more than what happend to him.
1635528279003103232	_Valcoholic	2023-03-14 06:28:23+00:00	en	Brendan Fraser es un crack cant wait to see what he works on next
1635527902606548992	fran_djarin	2023-03-14 06:26:53+00:00	en	@KBHeylen Yeah yeah, we know you wanted Austin Butler to win but you should stop railing against Brendan Fraser and have more confidence Austin is great enough to get nominated again.
1635527777481785345	altblacknews	2023-03-14 06:26:23+00:00	en	Oscars 2023 Review - https://t.co/XizTLOMtzv #everythingeverywhereallatonce #michelleyeoh #angelabassett #jamieleecurtis #kehuyquan #brendanfraser #jimmykimmel #abc #msanalyticalexperience #california #hollywood #wakandaforever #austinbutler #stephaniehsu #briantyreehenry   ...
1635526987715313664	C0rellianrogue_	2023-03-14 06:23:15+00:00	en	@ThomasConnorsJr Plus Brendan Fraser did get fat for the role. https://t.co/uo3FBe9RIr
1635526822833057793	Blacksanta211	2023-03-14 06:22:35+00:00	en	@_MAXWELL_ Brendan Fraser love u guy Comeback is great ND topping with an acadamy winğŸ™ğŸ˜ğŸ”¥ dats definition of resilience grace ND not giving up
1635526816398966785	Winged_Leo	2023-03-14 06:22:34+00:00	en	The greatest mistake made by Universal with its Dark Universe franchise was not adding retroactively The Mummy movies with Brendan Fraser as the origin of Prodigium (founded by the Oâ€™Connells). Then have Brendan Fraser make a cameo in a stinger at the end of Dracula Untold.
1635526629110759425	thecelebpost	2023-03-14 06:21:49+00:00	en	Pauly Shore UPSET over Jimmy Kimmelâ€™s Oscars â€˜jokeâ€™, â€˜Human beings have feelingsâ€™   https://t.co/ggPizLuZE6   #paulyshore #actor #oscars #encinoman #brendanfraser #kehuequan #jimmykimmel #host #celebrity #hollywood #thecelebpost #tcp
1635526480703758336	CaptainofDaShip	2023-03-14 06:21:14+00:00	en	they shud totally do a limited release hbo max run of batgirl now that brendan won the oscar. i mean how much cud that cost? #Batgirl #BrendanFraser
1635526473892380674	ByTheViewers	2023-03-14 06:21:12+00:00	en	Let's take this time to revel in the greatness that transpired yesterday.   #A24 #AcademyAwards #Oscars #EverythingEverywhereAllAtOnce #TheWhale #MichelleYeoh #BrendanFraser #KeHuyQuan #Oscars95 https://t.co/Qx0CEviwge
1635526264005234688	Butmac	2023-03-14 06:20:22+00:00	en	The Mummy 4 with Brendan Fraser and Ke Huy Quan is going to absolutely destroy Summer 2025 box office records.  Don't think that's not being worked on right this second.
1635525971335053312	NocturnalDoe	2023-03-14 06:19:12+00:00	en	So disappointed that the Elvis movie didnâ€™t win any Oscarâ€™s Sunday nightâ€¦but I am happy for Brendan Fraser. He honestly does deserve it and it makes my heart happy. ğŸ–¤
1635525485529559045	itsfatimac	2023-03-14 06:17:17+00:00	en	Protect Brendan Fraser at all costs
1635524490019889152	kojilynch	2023-03-14 06:13:19+00:00	en	brendan fraser eu te amo  My â˜…â˜…â˜…â˜…â˜… review of The Whale on Letterboxd https://t.co/o8f1SSLQzo
1635524056337489923	jackso_fastto28	2023-03-14 06:11:36+00:00	en	@Dove @KBHeylen Shut up dove. The whole movie is about humanizing an EXTREMELY obese person. Brendan Fraser was 350Lbs during filming, which is fat. The fat suit was to make him 500Lbs. Sorry that there arenâ€™t any 500Lb actors, but they would not be able to survive an 18hr day on set
1635523925403901952	Mr_Devara	2023-03-14 06:11:05+00:00	en	@NTRFanTrends @TandCmag @tarak9999 @TheAcademy The Best Dressed Men at the 2023 #Oscarsâ€¯â€¯â€¯Â   One &amp; Only Actor From India ğŸ‡®ğŸ‡³ @tarak9999 Stands Along With Hollywood Legends like Brendan Fraser, Ke Huy QuanğŸ”¥ğŸ”¥. #Oscars2023 #GlobalStarNTR https://t.co/w2rWzvjk0K
1635523821070426112	KeithandMovies	2023-03-14 06:10:40+00:00	en	@WilliamBibbiani @bjcolangelo For me itâ€™s a little different. I like Brendan Fraser a lot. But I wasnâ€™t happy he won the Oscar. The performances being nominated still carry the most weight for me. I thought Fraser was fine in â€œThe Whaleâ€, but there was so much wrong with the movie and that portrayal.
1635523718016278528	SWBG14	2023-03-14 06:10:15+00:00	en	A great addition to his filmography. Brendan Fraser and Sadie sink steal the show for me. Two incredibly talented actors and I hope they get more roles to show off their talents in the future.
1635523688341860353	Mr_Devara	2023-03-14 06:10:08+00:00	en	The Best Dressed Men at the 2023 #Oscarsâ€¯â€¯â€¯Â   One &amp; Only Actor From India ğŸ‡®ğŸ‡³ @tarak9999 Stands Along With Hollywood Legends like Brendan Fraser, Ke Huy QuanğŸ”¥ğŸ”¥. #Oscars2023 #GlobalStarNTR https://t.co/PO79KaIUys
1635523173356818432	NTRFanTrends	2023-03-14 06:08:05+00:00	en	177 Years Old American Magazine @TandCmag Placed @tarak9999 At 13th For The "BEST DRESSED MEN" At #Oscars2023 ğŸ‘‘ @TheAcademy ğŸŒŠ  #GlobalStarNTR #ManOfMassesNTR https://t.co/zPL7A1S7lS
1635522903344308224	ChowdaryTaraka	2023-03-14 06:07:01+00:00	en	The Best Dressed Men at the 2023 #Oscarsâ€¯â€¯â€¯â€¯â€¯â€¯Â   One &amp; Only Actor From India ğŸ‡®ğŸ‡³ @tarak9999 Stands Along With Hollywood Legends like Brendan Fraser, Ke Huy QuanğŸ”¥   #Oscars2023 #GlobalStarNTR https://t.co/CX4E82Iuta
1635522798436352005	_eye_zick	2023-03-14 06:06:36+00:00	en	If Brendan Fraser had actually gained the 300 lbs that the prosthetic suit he wore weighs I can only imagine the media coverage being worse than it already is
1635522344524435456	Andywwish	2023-03-14 06:04:48+00:00	en	This duo is the best! #BrendanFraser #KeHuyQuan  #Oscars95ğŸ¥ºâ¤ï¸ğŸ™ŒğŸ» https://t.co/PA4CziYe8M
1635521931972837376	tiger_0099	2023-03-14 06:03:09+00:00	en	The Best Dressed Men at the 2023 #Oscarsâ€¯â€¯â€¯Â   One &amp; Only Actor From India ğŸ‡®ğŸ‡³ @tarak9999 Stands Along With Hollywood Legends like Brendan Fraser, Ke Huy QuanğŸ”¥ğŸ”¥ #Oscars2023 #GlobalStarNTR https://t.co/kXmDe7V1ch
1635521909839351808	briannarusso24	2023-03-14 06:03:04+00:00	en	watched the ğŸ³ today, brendan fraser was fantastic but austin was robbed.
1635521862590697472	blackqueeriroh	2023-03-14 06:02:53+00:00	en	Darren Aronofsky is a bad director, Brendan Fraser is a bad actor, The Whale is a bad play and a bad movie. The only reason this movie got made is because itâ€™s really important to Hollywood to make sure fat people (and especially fat actors) know that we arenâ€™t welcome.
1635521533480239108	2coolcornflower	2023-03-14 06:01:34+00:00	en	You know what, I'm so incredibly proud of this man! He did itğŸ”¥ He won the OscarğŸ¤© Congrats #BrendanFraser  on your well deserved awardğŸ¤— U r my personal rock star,hero &amp; motivation.Thank you for showing me that it's never too late to follow ur dreamsâ¤ Love u so muchğŸ˜ #Oscars https://t.co/ApknrFkMze
1635521369591930882	Syndicate_CEO	2023-03-14 06:00:55+00:00	en	Brendan Fraser is just a really good dude. I don't know anyone that seriously has a beef with the guy. He just comes across as the kind of person who would go pick you up anywhere, anytime if you were in trouble.
1635521219800825858	LifeStunning	2023-03-14 06:00:19+00:00	en	As Brendan Fraser and Ke Huy Quan share the Oscars stage, itâ€™s time to revisit their 1992 comedy, #EncinoMan.   #BrendanFraser #KeHuyQuan  Story link in the 1st comment.  ğŸ‘‡ https://t.co/5JDcFtx80Y
1635521031011180547	SriNtr9	2023-03-14 05:59:34+00:00	en	The Best Dressed Men at the 2023 #Oscarsâ€¯â€¯â€¯â€¯â€¯â€¯Â   One &amp; Only Actor From India ğŸ‡®ğŸ‡³ @tarak9999 Stands Along With Hollywood Legends like Brendan Fraser, Ke Huy QuanğŸ”¥ğŸ”¥. #Oscars2023 #GlobalStarNTR https://t.co/66Dnd7Se5u
1635520952825004032	TammaroDee	2023-03-14 05:59:16+00:00	en	Is it socially acceptable to fully support boycotting the Oscars (as I have since 2015) but yet still be happy for Brendan Fraser &amp; Ke Huy Quan? I mean look at them.ğŸ¥¹#AcademyAwards2023 #Oscars2023 https://t.co/q1EagkIHjz
1635520793278029826	blackqueeriroh	2023-03-14 05:58:38+00:00	en	@robocarnage @dr_chairbreaker Brendan Fraser is barely fat
1635520488746123265	ingriddd_xo	2023-03-14 05:57:25+00:00	en	seeing all the brendan fraser tiktokâ€™s makes me so emotional, like thatâ€™s such a beautiful man inside out and he just deserves the WORLD after what heâ€™s been thru :((((
1635520440193150976	KTS_Stories	2023-03-14 05:57:14+00:00	en	Brendan Fraser VFX story is cool and all, but I ainâ€™t gonna retweet the guy telling it because boy are his header, bio, and (especially) follows suspect as hell.
1635520346009874432	ashimabatish	2023-03-14 05:56:51+00:00	en	What an amazing story of resilience. #Oscars #Oscars2023 #Oscars95 #BestActor #BrendanFraser #TheWhale
1635120787928776704	Variety	2023-03-13 03:29:09+00:00	en	Brendan Fraser accepts the #Oscar for Best Actor for #TheWhale. https://t.co/ndiKiHfmID https://t.co/kNuDy85dpH
1635520096633491456	LandoCalrisso	2023-03-14 05:55:52+00:00	en	@CalltoActivism is she the stunt double for Brendan Fraser in "The Whale"?
1635519996066693121	surendraTarakn	2023-03-14 05:55:28+00:00	en	The Best Dressed Men at the 2023 #Oscarsâ€¯â€¯â€¯  One &amp; Only Actor From India ğŸ‡®ğŸ‡³ @tarak9999 Stands Along With Hollywood Legends like Brendan Fraser, Ke Huy QuanğŸ”¥ğŸ”¥. #Oscars2023 #GlobalStarNTR #ManOfMasessNTR  ğŸ¯ğŸ¯ğŸ”¥ https://t.co/4zHXHWphB1
1635519938143170563	TheMtVernonKid	2023-03-14 05:55:14+00:00	en	@GailSimone I was gonna watch the movie mainly for him, a big Brendan Fraser fan. It just would've been hard to watch him as the villainous pyromaniac Firefly
1635519859328176128	Kaizou_Bhuvi_17	2023-03-14 05:54:55+00:00	en	@Variety Brendan Fraser is part of my childhood memories.  The Mummy series, The Journey To the centre of the world, Tarzan etc  He made one hell of a comeback.... I'm happy for him
1635519857973428224	Mr_Devara	2023-03-14 05:54:55+00:00	en	The Best Dressed Men at the 2023 #Oscarsâ€¯â€¯â€¯Â   One &amp; Only Actor From India ğŸ‡®ğŸ‡³ @tarak9999 Stands Along With Hollywood Legends like Brendan Fraser, Ke Huy QuanğŸ”¥ğŸ”¥. #Oscars2023 #GlobalStarNTR https://t.co/Pqen2vflij
1635519650891980802	dopeonthescale	2023-03-14 05:54:05+00:00	en	So when actors get standing ovations for movies like when Brendan fraser did for the whale, do they play the whole movie at the Venice film festival?
1635519548584787969	Tarak575757	2023-03-14 05:53:41+00:00	en	The Best Dressed Men at the 2023 #Oscarsâ€¯â€¯â€¯  One &amp; Only Actor From India ğŸ‡®ğŸ‡³ @tarak9999 Stands Along With Hollywood Legends like Brendan Fraser, Ke Huy QuanğŸ”¥ğŸ”¥. #Oscars2023 https://t.co/ZVSZFKF3TG
1635519334310375426	Nzgrim	2023-03-14 05:52:50+00:00	en	Oscars 2023: Stephanie Hsu losing and Brendan Fraser winning is a punch to the gut for LGBTQ+ people  https://t.co/7wQbC1M0oo
1635519282632359937	meghanath9999	2023-03-14 05:52:38+00:00	en	The Best Dressed Men at the 2023 #OscarsÂ   One &amp; Only Actor From India ğŸ‡®ğŸ‡³ @tarak9999 Stands Along With Hollywood Legends like Brendan Fraser, Ke Huy QuanğŸ”¥ğŸ”¥. #Oscars2023 #GlobalStarNTR https://t.co/4Nuryw9dsy
1635519051945607169	alliejoys	2023-03-14 05:51:43+00:00	en	Give Brendan Fraser An Actual Good Role Challenge
1635519034115624960	blackqueeriroh	2023-03-14 05:51:38+00:00	en	The Whale was stupid. The Whale was bad. The Whale was fatphobic and a horrible script. The Whale, ridiculously, used a fat suit, which made it even more fatphobic. The Whale was a terrible portrayal of what a 600 lb fat personâ€™s life is like. Brendan Fraser is dead to me now.
1635518915022569475	Ntr_Devudu2	2023-03-14 05:51:10+00:00	en	The Best Dressed Men at the 2023 #Oscarsâ€¯â€¯â€¯  One &amp; Only Actor From India ğŸ‡®ğŸ‡³ @tarak9999 Stands Along With Hollywood Legends like Brendan Fraser, Ke Huy QuanğŸ”¥ğŸ”¥ğŸ”¥   #Oscars2023  #ManOfMassesNTR  #NTRGoesGlobal https://t.co/U6KJyBP4lS
1635518897163218945	croctologist	2023-03-14 05:51:06+00:00	en	that meme picture of brendan fraser passing u the blunt &amp; sobbing is so funny
1635518879110950913	iRAInman3000	2023-03-14 05:51:01+00:00	en	*Brendan FRASER aarghh I have corrected myself a dozen times already. ğŸ˜“
1635518657500528643	Ur_Anil9999	2023-03-14 05:50:09+00:00	en	The Best Dressed Men at the 2023 #Oscarsâ€¯â€¯â€¯  One &amp; Only Actor From India ğŸ‡®ğŸ‡³ @tarak9999 Stands Along With Hollywood Legends like Brendan Fraser, Ke Huy QuanğŸ”¥ğŸ”¥. #Oscars2023 https://t.co/jcPoKW23Mi
1635518570997088262	aftergl_w	2023-03-14 05:49:48+00:00	en	idk who it is but whoever can get brendan fraser and rachel weisz together in a room and persuade them to do another mummy film please this is all i ask
1635518549824516098	thejaketashjian	2023-03-14 05:49:43+00:00	en	From sharing a scene in #encinoman to becoming Oscar winners! A huge congratulations to #BrendanFraser and #kehuyquan! #Oscar2023 https://t.co/XlW6Vrjivr
1635518507071983616	pjsgReplacement	2023-03-14 05:49:33+00:00	en	Brendan Fraser may have named his kids after car brands https://t.co/PwZQrqn0jb
1635518417129336832	TweetforNTR999	2023-03-14 05:49:11+00:00	en	The Best Dressed Men at the 2023 #Oscarsâ€¯â€¯â€¯  One &amp; Only Actor From India ğŸ‡®ğŸ‡³ @tarak9999 Stands Along With Hollywood Legends like Brendan Fraser, Ke Huy QuanğŸ”¥ğŸ”¥. #Oscars2023 https://t.co/9FcENjN0Y5
1635518350808817671	Ahmad_Mehsen	2023-03-14 05:48:55+00:00	en	Congrats to Brendan Fraser on winning an Oscar. I profusely apologize for not seeing the first two Mummy movies and only seeing the third one for some reason
1635518330948780032	MonkeyBoy1138	2023-03-14 05:48:51+00:00	en	@MattTischer Absolutely, 100% that. Though to be fair Michelle should have won her Oscar 23 years ago with Crouching Tiger Hidden Dragon.  Also lovely to see Brendan Fraser getting his much deserved renaissance.
1635518290066898944	KellyMintzer	2023-03-14 05:48:41+00:00	en	In the meantime, I am genuinely shocked that in our collective re-evaluation of Brendan Fraser's work, we aren't all talking more about his exemplary work in "gods and monsters", a fantastic drama that lets him do extraordinary acting.
1635518135611826176	Sai_Mohan_999	2023-03-14 05:48:04+00:00	en	The Best Dressed Men at the 2023 #Oscars  One &amp; Only Actor From India ğŸ‡®ğŸ‡³ @tarak9999 Stands Along With Hollywood Legends like Brendan Fraser, Ke Huy QuanğŸ”¥ğŸ”¥. #Oscars2023 https://t.co/ojVWMvT0mN
1635517855771787267	Two_Switch	2023-03-14 05:46:57+00:00	en	Reason number 758 that Brendan Fraser is the GOAT
1635517785676693504	rjdeux	2023-03-14 05:46:41+00:00	en	Oscars 2023: Stephanie Hsu losing and Brendan Fraser winning is a punch to the gut for LGBTQ+ people https://t.co/Xb678EXU0u
1635517694081630208	snottboogey	2023-03-14 05:46:19+00:00	en	@Variety Brendan Fraser completely deserved this, sure Austin Butler was a great Elvis but so was Andy Kaufman and a zillion others.
1635517619322093568	purkyuta	2023-03-14 05:46:01+00:00	en	made the mistake of watching Brendan  Fraser and ke huy quan win their Oscar and now Iâ€™m uncontrollably crying
1635517192090386432	spunkiieee	2023-03-14 05:44:19+00:00	en	I love that Brendan Fraser won the Oscar for Best Actor! Truly deserved, Iâ€™m so happy ğŸ˜­ğŸ¥°
1635516985189584897	JackMil88	2023-03-14 05:43:30+00:00	en	@MoistCr1TiKaL Brendan Fraser won an Oscar for best actor and you still haven't made a YouTube video about it. Come on man. You're his number 1.
1635516820177420289	BarryAllanMcGh1	2023-03-14 05:42:51+00:00	en	https://t.co/A6LPARyhiu #TheUnderworld has a way of feeding off U too a point where U forget just how much good U've done for the world.  If, not careful darkside becomes best and only, friend. #OscarWin #BrendanFraser  "Congrats, Kid...Well done." - Your Friend, Albert Brooks
1635516795410059267	AngeIicwords	2023-03-14 05:42:45+00:00	en	Another one with Brendan Fraser too. https://t.co/scE349T2Yd
1635516687586918400	raharuburneracc	2023-03-14 05:42:19+00:00	en	i really dont care for the oscars anymore im just glad brendan fraser and ke huy quan made the ultimate comebacks
1635516653093130241	ordatirxela	2023-03-14 05:42:11+00:00	en	Hate the film all you want, but Brendan Fraser deserves this Oscar. From Charlieâ€™s dramatic outbursts to his subtler moments of retreat, Fraser kept his performance so skillfully grounded that it miraculously elevated his tedious material.
1635498031037698049	oscarsclip	2023-03-14 04:28:11+00:00	en	Brendan Fraser, 'The Whale' (Best Actor winner, 2022) #Oscars95 #oscarsclip https://t.co/6ekG5RZhcw
1635516319402717185	The_Boskers	2023-03-14 05:40:51+00:00	en	@DonLew87 People behind her posting pics on IG and FB.   Here's a pic when Brendan Fraser won. Here's another of Lady Gaga singing Hold My Hand. And of course, Michelle Yeoh's acceptance speech. #LiftMeUpLiterally https://t.co/v22HjuX6nG
1635516194110296066	NotUrAvrgDjCeS	2023-03-14 05:40:21+00:00	en	anything with him in it. I called them out and said would you watch "Booty Call? No, ok." Same for Brendan Fraser. I don't wanna hear how great of an actor he is, He did amazing in Whale, but he also did LT Back In Action, Monkeybone, Bedazzled. He was also great in Crash.
1635516075281616897	aprilthedreamer	2023-03-14 05:39:53+00:00	en	Dove is dead ass with this Brendan Fraser slander ğŸ¤¯
1635401854678073345	Dove	2023-03-13 22:06:01+00:00	en	@KBHeylen Stop giving fat suits awards â€¼ï¸ We want better representation in Hollywood. #LetsChangeBeauty
1635515743751245832	MarieMSW96	2023-03-14 05:38:34+00:00	en	@daverandla @RealSinghvi I read it because it was interesting and human. Sorry you had to go thru that. Yay Brendan Fraser! â¤ï¸â¤ï¸â¤ï¸
1635515591858753536	DinoMartini8	2023-03-14 05:37:58+00:00	en	@ClownWorld_ Ok, so take her Oscar and give it to Brendan Fraser.
1635515503774162946	excelsorph	2023-03-14 05:37:37+00:00	en	@ZyoriTV I went in waiting for what coin Brendan Fraser bought and ended up in tears instead ğŸ˜­
1635515362727919623	KaijuNellie	2023-03-14 05:37:03+00:00	en	@KiddoCut @klemmteastwood Basically it was thought his cancer was in remission but he didn't really do much following up on it and it came back.   Dr. Cox spent the whole episode blaming JD for the death of a patient, who turned out to be Brendan Fraser.
1635515316905168900	joesuggsfan	2023-03-14 05:36:52+00:00	en	im happy brendan fraser won an oscar and all. its just that the first scene of the whale is legitimately this man jerking off for like five minutes until he nearly DIES? and i dont think anyone in the theater was prepared for it
1635515190899769345	jamessanford	2023-03-14 05:36:22+00:00	en	@buffa82 The theater I was managing in 1994 -- the AMC Old Orchard in Farmington Hills, MI -- had the highest grosses in the nation on that movie. Someone from WB called me to ask why it was doing so well. Lots of Brendan Fraser/Joe Pesci fans in the posh suburbs of Detroit, I guess!
1635515128660779008	LedeyaB	2023-03-14 05:36:07+00:00	en	@KennethTuran Except for a few like Brendan Fraser in his Best Actor acceptance speech.  No mention of the mummy in his life.
1635514920765718528	aus_mich	2023-03-14 05:35:18+00:00	en	Really not sure where the vitriol for The Whale is coming from tbh. Is it a perfect film? Hell no. Is it deeply affecting and emotional and powerfully performed by an extremely deserving Brendan Fraser? Absolutely
1635514830806298624	Dragon_Trading_	2023-03-14 05:34:56+00:00	en	So now that #BrendanFraser is back when can we see another mummy film?
1635514798140977152	oceanloverHB	2023-03-14 05:34:48+00:00	en	@kylenabecker Brendan Fraser &amp; Keanu Reeves are also very genuine and humble.
1635514726162784256	ModXpresss	2023-03-14 05:34:31+00:00	en	Highlights from the 95th Academy Awards   #academy_awards #Brendan_Fraser #CBS #Michelle_Yeoh https://t.co/wAQrLBDXue
1635514646416457733	PennywiseassHB	2023-03-14 05:34:12+00:00	en	Steve Nebraska has an Oscar!!!!  I LOVE Brendan Fraser. He has entertained me most of my life and he deserves the accolades!!   School ties. Encino Man. Mummy. The Scout. Airheads. Blast From The Past. Bedazzled. And so much more!!!  COWARDS!!!!!!!  #Oscar2023  #Oscar #Oscars
1635514462147948544	christinapr1sc	2023-03-14 05:33:28+00:00	en	i love brendan fraser i wish him a lifetime of peace and happiness and all the good things
1635514253049208832	Big_Buddy_Jape	2023-03-14 05:32:38+00:00	en	what the hell i thought Brendan Fraser looked like this but he actually looks sharp as hell??? https://t.co/kzoxTWm7Pu
1635514249001746435	BuddhistCranky	2023-03-14 05:32:38+00:00	en	@SnarkkTank If ever there was a nice guy who fully deserves his comeback, it's Brendan Fraser. I've loved him since Encino Man. He seems like such a genuinely sweet guy. I'm so happy to see him back in the spotlight.
1635514200016531458	BollywoodH	2023-03-14 05:32:26+00:00	en	#TheWhale streaming on 16th March, exclusively on Sony LIV  #TheWhale #BrendanFraser #AdrienMorot #JudyChin #AnneMarieBradley @SonyLIV #TheWhaleOnSonyLIV #SadieSink #HongChau #SamanthaMorton #SathyaSridharan #RyanHeinke #TySimpkins https://t.co/XpDRTPH1Nm
1635513892725198848	yogikuki	2023-03-14 05:31:13+00:00	en	brendan fraser is winning the oascar, ahhhh congratulation
1635513803705024513	StrongRocko	2023-03-14 05:30:51+00:00	en	@TimRunsHisMouth So she had a mask on in the crowd and then presents Brendan Fraser with his oscar with no mask in sight?
1635513691742298113	IllegallyObtain	2023-03-14 05:30:25+00:00	en	Congratulations  to Ke Huy Quan and Brendan Fraserâ€¦ they are both such wholesome and amazing people they deserve to finally be recognized for their achievements and lifetime of hard work #Oscars #KeHuyQuan #BrendanFraser
1635513598788407296	PopularOnR	2023-03-14 05:30:02+00:00	en	Ke Huy Quan surprises Brendan Fraser backstage at the Oscars https://t.co/9D50AhUwhX
1635513587199512576	mmCineplexes	2023-03-14 05:30:00+00:00	en	Brendan Fraser and Ke Huy Quan, from 1992 to 2023.  #Oscars https://t.co/qCwxGrpZow
1635513110554443779	QueenSnake7	2023-03-14 05:28:06+00:00	en	Brendan Fraser wins best actor Oscar in career comeback https://t.co/ebvqMJInYL
1635513091508121601	YIzcer	2023-03-14 05:28:02+00:00	en	#brendan-fraser Brendan Fraser's acceptance speech for Best Actor at 2023 Oscars https://t.co/LnUfB03LgT
1635513051238760452	jess3d_	2023-03-14 05:27:52+00:00	en	As a kid, Michelleâ€™s performance in the mummy movie with Brendan Fraser stood out to me so this is like a full circle moment. Good for both of them!
1635142675459633155	ZoeRoseBryant	2023-03-13 04:56:07+00:00	en	They may not all be your â€œpersonal picks,â€ but one thing I *do* love about this yearâ€™s acting winners quartet at the #Oscars is how theyâ€™re all actors who have been counted out - or shut out - at various points in their careers and came back against the odds to come out on top. https://t.co/oQnOAe5yMh
1635512952127356930	bigburdn	2023-03-14 05:27:28+00:00	en	@CallMeKevin1811 bring back your life sized Brendan Fraser cutout for his win at the oscars
1635512919613145088	aIfiereid	2023-03-14 05:27:21+00:00	en	I was at Fan Expo in Vancouver a few years ago. Mr. Brendan Fraser was gracious enough to answer my question about a scene in â€˜Bedazzledâ€™  Always a fan - Congratulations good sir â¤ï¸ #Brendanfraser #Oscars https://t.co/FjgDD4q09P
1635512830492377088	bilzabubs	2023-03-14 05:26:59+00:00	en	Crying in the dark rn watching ke huy quan and brendan fraser edits on tiktok
1635512827040632832	ChenJeanJacque1	2023-03-14 05:26:58+00:00	en	Can't wait for the sequel Everybody Everytime All Over The Place ! With the whole cast back, but Ke Huy Quan and Brendan Fraser as co-leads, co-directed by the Daniels and Steven Spielberg, with a Harrison Ford cameo.  Daniels, make it happen !
1635512528120823808	GoneBoy94	2023-03-14 05:25:47+00:00	en	Anthony Hopkins y Brendan Fraser &gt;&gt;&gt;&gt;&gt;&gt;&gt;&gt;&gt;&gt;&gt;&gt;&gt;&gt;&gt;&gt;&gt;&gt;&gt;&gt;&gt;&gt;&gt;&gt;&gt;&gt;&gt;&gt;&gt;&gt;&gt; Will Smith
1635406464532742145	OscarRunnerUp	2023-03-13 22:24:20+00:00	en	Best Actor winners of the 2020s so far. https://t.co/LdXkJj0XOl
1635512435112300544	pz9000	2023-03-14 05:25:25+00:00	en	@SierraWhiskey9 Brendan Fraser was technically overweight, he just wasn't obese enough for the role.  Very few people would be.  I doubt there were any "fat actors" as talented as Brendan Fraser.  Alive at least.   Marlon Brando is dead after all.
1635512302693765120	maibennett	2023-03-14 05:24:53+00:00	en	In my last rant of #AwardSeason until the end of the year, Colin Farrell should have won an Oscar. Thatâ€™s all.  (Brendan Fraser was good, but Farrell was better, and The Whale was mehâ€¦)
1635512082643980288	McnicolSalazar	2023-03-14 05:24:01+00:00	en	@captrawrpants @Msmariablack @Broadwaybandit5 @Catptive @Lucky_Shitt @NicholeHiltz @watergate1974 @FrankT2jr @peachiikim @DemPatriot31 @kimmyifuplease @tbiadvice @3dKan3 @goleygoley3 @Bethcolton4 @TweetieTwister @Wiccasan @shashatheitch22 @Pal68615256Jeff @Morecoldbeer @BardThirteen @SelfImposedXile @SofiaDoodle @yappydagger @MaxieMama1 @Sparkies53 @earlofkent5 @MuleBobH @PARODY_ELON_ @Franks2ndlife @luisafontana @mrsmithispissed @JRTuttle4 @TidyTim63 @darknessn2light @CTMcIntire418 @scottycknight @jake_snowflake @CrabbyPattie4u @hedahunter @debsomewhere @GoofMcFloof @MissGFYCuffy @JMcnumbers @fdell3 @EdGoodwin5 @ACJJustice @alice4u2010 @AmbyG05 Your punishment for mocking Brendan Fraser ğŸ¤ª
1635511866868002816	vinayvenkat6	2023-03-14 05:23:10+00:00	en	More top mentions from #Oscars95â€¯â€¯â€¯â€¯â€¯â€¯ across social &amp; news media...  Top 5 Mentioned Actors: 1. #NTR  2. #RamCharan  3. #KeHuyQuan  4. #BrendanFraser  5. #PedroPascal https://t.co/Mpv77wJcWo
1635511861645828097	fullymetalmark	2023-03-14 05:23:08+00:00	en	Brendan Fraser won for George of the Jungle, not for whatever he won for last night #ambien
1635511524885143552	SpifferDuster	2023-03-14 05:21:48+00:00	en	brendan fraser my beloved
1635511448427282432	ricardo_ose	2023-03-14 05:21:30+00:00	en	I might have to rewatch Looney Toon: Back in Action with Oscar winning actor Brendan Fraser #BrendanFraser #Oscars https://t.co/DXppqBpOTj
1635511176812691456	flickandtired	2023-03-14 05:20:25+00:00	en	Brendan Fraser won best actor for that mid ass movie over Paul Mescal, Colin Farrell, Austin Butler be serious ğŸ’€ Spielberg deserved best director. Banshees should have won Screenplay.
1635511126086807553	jkslittlefreak	2023-03-14 05:20:13+00:00	en	u guys i finally watched the whale and omg brendan fraserâ€™s acting in that film was soo insane like that oscar was deserved!!!
1635511027759448064	AyyAyy0	2023-03-14 05:19:50+00:00	en	Another Beautiful Moment from #Oscars2023 ğŸ˜ Who would have thought both #BrendanFraser & #KeHuyQuan would win #Oscars on the same night ğŸ¤© that too 31 years after the "Encino Man" Both struggling to find work in their careers and then coming back with such beautiful performances â¤ï¸ğŸ¥¹, truly inspiring ğŸ‘  #AcademyAwards #Oscars95 #Oscar #EverythingEverywhereAllAtOnce #TheWhale #NaatuNaatu #TheElephantWhisperers @TheAcademy @THR @Variety
1635511022424555521	hilaria_aloha	2023-03-14 05:19:48+00:00	en	@RonFilipkowski He wants Brendan Fraser's Oscar...
1635511015613005824	ManjiriIndurkar	2023-03-14 05:19:47+00:00	en	The Whale was relentless in the way it punished its protagonist for being fat. It was such a disturbing film to watch and sat in my mouth like the sour taste of vomit. It really just had no love or mercy, only disgust for Brendan Fraser's Charlie. Read what Roxane writes, please.
1635510413084295170	ScottAchord	2023-03-14 05:17:23+00:00	en	I am genuinely so happy for Brendan Fraser with his academy award win. The man is a gem and he deserves it.
1635510223124217857	Eliza_Kaylee	2023-03-14 05:16:38+00:00	en	While we're all remembering what an absolute angel Brendan Fraser is, this is your regular reminder that George of the Jungle is a surrealist satiric masterpiece made entirely for the female gaze
1635510044191240192	Danish484o	2023-03-14 05:15:55+00:00	en	@emmasaurustex I was certain Austin Butler was going to win Best Actor, but Brendan Fraser was my runner up prediction. I havenâ€™t seen The Whale yet but looking forward to it.
1635509783284383744	cinemageddon	2023-03-14 05:14:53+00:00	en	@FilmCriticRyan @wenbbilliams Brendan Fraser x Doctor Who vs The Daleksâ€¦ I just tweeted a million dollar idea and nobodyâ€™s gonna do nothing bout it.
1635509575896924160	KrazyChibi	2023-03-14 05:14:03+00:00	en	@TheHorrorGuru Future copies of Encino Man need to say â€˜starring Academy Award winners Brendan Fraser and Ke Huy Quanâ€™.
1635509411731963906	wyldst4llyns	2023-03-14 05:13:24+00:00	en	brendan fraserâ€™s voice is so scary. i feel like if he yelled at me i would pee a little
1635509168097607680	RealDanMoeller	2023-03-14 05:12:26+00:00	en	@nomandatesco Been almost 20 years since I gave a shit about this pedophile cudo-palooza and self fellation. I intend to continue avoiding it.  Though I did hear that Brendan Fraser got the Best Actor award. So if the award means anything to him, I'm happy for him.
1635509160531083264	oracle_jonesss	2023-03-14 05:12:24+00:00	en	They both are LITERAL nuts and i love it!  ğŸ˜‚ğŸ¥²ğŸ˜­ #Oscars  #KeHuyQuan  #BrendanFraser  #GoodMorningAmerica   https://t.co/bVgW03I8LZ
1635509144487706625	JagranEnglish	2023-03-14 05:12:20+00:00	en	#TheWhale on #OTT Here's when and where you can watch #BrendanFraser's #Oscars2023 award winning performance Read: https://t.co/QCqe8S6mHj https://t.co/tDqwvR9JNk
1635509031241498624	Prof_NoFace	2023-03-14 05:11:53+00:00	en	I don't want to start any #Oscars drama, and I haven't seen #TheWhale, but this is CLEARLY a sympathy Oscar to make up for the Academy not recognizing Brendan Fraser's previous award-worthy performances in The Mummy and George of the Jungle. Now where's his #Emmy for scrubs!?
1635508878786920448	javerias	2023-03-14 05:11:17+00:00	en	Different stages of life. Our favourite star from the 90s, Brendan Fraser wins best actor Oscar for The Whale. #Oscars https://t.co/Xzn2NzZgnS
1635508807584436228	MotivationSwGa	2023-03-14 05:11:00+00:00	en	This is a screenshot of Encino Man.  #BrendanFraser and #KeHuyQuan  Today they are #Oscars winners https://t.co/YkG4jssVCz
1635511421911072768	joseph7173	2023-03-14 05:21:23+00:00	en	Brendan Fraser's Behind-The-Scenes SECRETS Of The Whale.. https://t.co/dxf27cyjQI via @YouTube
1635508616542187522	WIONShowbiz	2023-03-14 05:10:15+00:00	en	Walking home with a first-time #Oscar, Brendan Fraser won over the audience and critics for his role in #TheWhale. Watch it on this OTT platform from this date.   https://t.co/ccAaIOS3YQ
1635507802931068928	maggot_rivas	2023-03-14 05:07:01+00:00	en	Brendan Fraser won best actor at the Oscars. Iâ€™m so proud. That man has been apart of my life for the entire 23 years. He deserves the worldğŸ«¶ğŸ¼
1635507799659622400	Taasshhhhh	2023-03-14 05:07:00+00:00	en	All this Brendan Fraser talk makes me want to watch Encino Man againâ€¦
1635507467634327552	o_vinilopes	2023-03-14 05:05:41+00:00	en	"we didn't know if there would be tomorrow" FRASER, #BrendanFraser   https://t.co/zdvnuneoxJ
1635507437984677890	ChiefGinjaNinja	2023-03-14 05:05:34+00:00	en	@kitzluvs Brendan Fraser was my best! Bless him!
1635507245499940864	BigPaulPDX	2023-03-14 05:04:48+00:00	en	@PaulyShore Some of us still chillinâ€™ with the Weaaasel! #EncinoMan #PaulyShore #BrendanFraser #KeHuyQuan #MTV #Oscars
1635364745716064257	PaulyShore	2023-03-13 19:38:33+00:00	en	I donâ€™t know if you guys saw the @TheAcademy Awards last night, but @jimmykimmel poked fun at me in the monologue. I loved it.  But what I REALLY loved is that my old buddies from back in the day, Brendan Fraser and Ke Huy Quan, took home the Oscars!  Never quit on your dreams. https://t.co/wD67uPtFn5
1635506962191327232	GabuSamcab	2023-03-14 05:03:40+00:00	en	@DiscussingFilm Brendan Fraser and Ke Huy Quan They are the legends of Hollywood and for those Dios les Bendiga or God Bless You ğŸ˜ŠğŸ‘ğŸ™ğŸ¥¹El ExitoğŸ«¡ğŸ˜ https://t.co/9upavZjIbx
1635506386330058754	iSEEwokePEOPLE	2023-03-14 05:01:23+00:00	en	@Kriscilicious I didn't watch but I learned Brendan Fraser won. That actually impressed me but I would never watch an award show nowadays
1635506205023145984	haiishere	2023-03-14 05:00:40+00:00	en	@ladylobotomy @Calim1701 brendan fraser was pushing 350lbs when he starred in it??? wtf do u expect them to do, get a morbidly obese person to act in it?? u donâ€™t make sense
1635506191034990592	MlaStandard	2023-03-14 05:00:36+00:00	en	Brendan Fraser caps â€˜comebackâ€™ with best actor Oscar win, Michelle Yeoh makes history   READ MORE: https://t.co/uvI6phTvHA https://t.co/oQyNzCmvBB
1635506113352269824	YTCanadaTrends	2023-03-14 05:00:18+00:00	en	3. Brendan Fraser's acceptance speech for Best Actor at 2023 Oscars https://t.co/JCyMtNJLPl
1635506101704597504	YTCanadaTrends	2023-03-14 05:00:15+00:00	en	3. Brendan Fraser's acceptance speech for Best Actor at 2023 Oscars - ABC7 4. The Little Mermaid | Official Trailer - Walt Disney Studios 5. Oscars: RRR's Naatu Naatu Honored With EPIC Performance - Entertainment Tonight
1635506063951769600	fluffyman9012	2023-03-14 05:00:06+00:00	en	Brendan Fraser has gone through more shit in his life in Hollywood than you will ever go through being the fat, bitter Twitter Freak you are.
1635505925615407104	stevebenaquist	2023-03-14 04:59:33+00:00	en	If Brendan Fraser had any integrity he would have accepted his award in the makeup.
1635505857562550273	gameboyknight	2023-03-14 04:59:17+00:00	en	@EndorMoo @TalkingBay94 liam neeson said the same thing about obi wan kenobi and we didn't know till the finale that liam neeson appeared but i would love a short round spin off cause we don't know what happens to him after temple of him and brendan fraser should appear in it to would be cool
1635508513425457153	joseph7173	2023-03-14 05:09:50+00:00	en	Brendan Fraser Didn't Talk to Dwayne "The Rock" Johnson During "The Mumm... https://t.co/XLAng5CqrF via @YouTube
1635119522532450305	hutchleah	2023-03-13 03:24:07+00:00	en	the channel has been TURNED, sound is OFF, these hands are for FRASER !!!! ğŸ¤¬  fat people are not a costume and his performance is nothing short of pity porn. horrific.
1635505786477596677	Ciri1864	2023-03-14 04:59:00+00:00	en	@EdKrassen Funny how you talk about Brendan Fraserâ€™s amazing yet heartbreaking portrayal as  Charlie. Oh wait you wonâ€™t because heâ€™s white.
1635505726658314240	marcingabrys	2023-03-14 04:58:46+00:00	en	Who is Brendan Fraser, the first Canadian to win the Oscar for Best Actor? https://t.co/hKxwCKzuKf
1635505627354079235	ewceces	2023-03-14 04:58:22+00:00	en	You can be rude towards the writers and creators of the whale but the one person you need to give grace to is Brendan Fraser. The man was assaulted by Hollywood. He is not able to pick and chose roles just yet.
1635505527911485440	citizenkawala	2023-03-14 04:57:58+00:00	en	I wasn't making fun of Brendan Fraser for being fat. I was making fun of him for being bald. Which is TOTALLY acceptable in today's parlance.
1635505483133120513	roguemarvel	2023-03-14 04:57:48+00:00	en	@maxnichols I dont hold it against Brendan Fraser, considering where his career has been, I don't begrudge him for taking the opportunity to work with such an acclaimed director even if this role is trash.
1635505477974130688	wafijmn	2023-03-14 04:57:46+00:00	en	just finished the whale for a second time. sedih nak mampos. brendan fraser deserve the oscars frğŸ™
1635505430754660353	SharpeWit	2023-03-14 04:57:35+00:00	en	@albertanbeech Allegedly 18M people watched.   While it's a shame they watched, no way 100% cared (some wanted new slap or @rickygervais moment)  But 7+ billion people didn't watch that back-patting shlock.      Still, nice to see Brendan Fraser get recognized without having to fuck a bear. https://t.co/2Bm5Vn1DpK
1635505270175703040	CharlesDiAngelo	2023-03-14 04:56:57+00:00	en	@Nina7Infinity Lol, the haters are pissed that Austin didn't win best actor for Elvis and Brendan Fraser walked away with the Gold Boy and very well deserved
1635505215980859393	AlhajiBabaah	2023-03-14 04:56:44+00:00	en	No I donâ€™t want to watch the #whale itâ€™s sad that #BrendanFraser waited forever to finally show he can act but  #oscar campaigns donâ€™t happen over night. You start that years ahead. Ok Iâ€™m done
1635505006517579776	SJibbity	2023-03-14 04:55:54+00:00	en	It was all Brendan Fraser fans
1635397887197839360	FilmUpdates	2023-03-13 21:50:15+00:00	en	The 2023 #Oscars were watched by 18.7 million viewers, a 12% increase from last yearâ€™s ratings. https://t.co/41pJbaSGut
1635504960136941569	CoachCady650	2023-03-14 04:55:43+00:00	en	Encino Man, the best Brendan Fraser movie Iâ€™ve ever seen
1635135319455711233	wyntermitchell	2023-03-13 04:26:54+00:00	en	I know weâ€™re pretending Brendan Fraser won for other Brendan Fraser roles so I submit Encino Man. Yes it has a 15% on Rotten Tomatoes but when Link realizes heâ€™s millions of years old at the museum, that was cinema (ok maybe not millions but you get it) https://t.co/F9w0AftOGI
1635504794340323329	alacrates	2023-03-14 04:55:03+00:00	en	It's strange that another close to perfect 90s movie is Blast From the Past (1999) which also centres on the idea of Brendan Fraser being resurrected from a previous era &amp; being just what the current circumstance demands https://t.co/dmJXV9to1N
1635504680624173058	ctrlpetal	2023-03-14 04:54:36+00:00	en	@ArabiiBarbiie @guiltyonall3 nicki looks like brendan fraser in the whale
1635504097863376896	drjpol	2023-03-14 04:52:17+00:00	en	Not into the #AcademyAwards but I am really happy that #EverythingEverywhereAllAtOnce @RealGDT #pinocchiomovie #BrendanFraser #KeHuyQuan #MichelleYeoh won. Congrats to all of the nominees &amp; winners. I wish Batman was nominated for cinematography but no luck. Love you all. ğŸ™âœŒï¸â™¥ï¸
1635503903788908544	gracielubee	2023-03-14 04:51:31+00:00	en	That Brendan Fraser speech was just whale and ocean nonsense words strung together (Iâ€™m watching a day later)
1635503868917301249	newsnoweng	2023-03-14 04:51:23+00:00	en	Oscars 2023: 90s hero wins Oscar award after epic comeback movie  Brendan Fraser, the â€™90s heartthrob who made a career comeback with his awards season run for â€œThe Whale,â€ won the Oscar for best actor.  #oscar #oscar2023 #everythingeverywhereallatonce  #newsnow https://t.co/OAeeoUlvv8
1635503562833768449	lancaster_aj	2023-03-14 04:50:10+00:00	en	Iâ€™ve been thinking about Brendan Fraserâ€™s Whale metaphors, and I have my own: Ambergris, one of most valuable substances on earth, is a pungent calcified rock of whale vomit. Itâ€™s disgusting, but itâ€™s treasure.
1635503524745211904	NowMyNews	2023-03-14 04:50:01+00:00	en	Oscar winner 2023, Everything Everywhere All at Once triumphs. Awarded Brendan Fraser https://t.co/8JTfXbMJCj  #EntertainmentNews https://t.co/8JTfXbMJCj
1635503222663069697	rheaelizabeth24	2023-03-14 04:48:49+00:00	en	@courtney_ravelo If Brendan Fraser wasnâ€™t a man who knew first hand what it was like to gain significant weight due to stress and personal trauma, I would take more of an issue with the fat suit. But I canâ€™t. I just love him so much and Iâ€™m glad he got his moment
1635503203608395778	MWolfeLit	2023-03-14 04:48:44+00:00	en	Never personally met him but Brendan Fraser, like Keanu Reeves has the reputation as â€œHollywood Good Guyâ€ that itâ€™s basically impossible not to like.  Thereâ€™s a great video of him getting a birthday cake on the set of Batgirl (which should be released but Zaslav is a coward)â€¦
1635502589067558918	MrFisterThe3rd	2023-03-14 04:46:18+00:00	en	@surayaa_12 I don't care about celebrities, but I'm glad Brendan Fraser is finally getting what he deserves
1635502571208028162	JonhenryHolt	2023-03-14 04:46:13+00:00	en	@98sThoughts If anyone has ever seen â€œBedazzledâ€ with Brendan Fraser theyâ€™ll know.
1635501692530688001	babygrlbri	2023-03-14 04:42:44+00:00	en	They really had Brendan Fraser in a fatsuit eating a bucket of fried chicken and dipping a pb&amp;j sandwich in a jar of jelly trying to k hisselfğŸ˜­
1635501496786714625	YeyaGuayabita	2023-03-14 04:41:57+00:00	en	"There is a sacredness in tears. They are not the mark of weakness, but of power. They speak more eloquently than ten thousand tongues. They are the messengers of overwhelming grief, of deep contrition, and of unspeakable love." -Brendan Fraser
1635501430986473472	sabiotrix	2023-03-14 04:41:41+00:00	en	They felt bad for Brendan Fraser so they gave him an Oscar
1635501404298280961	cm2648704	2023-03-14 04:41:35+00:00	en	9/10: This movie made me cry like a baby. This film was so heartbreaking. Brendan Fraser absolutely killed it. He deserves every single award there is. I have never been so heartbroken while watching a film for a while. #TheWhale #BrendaFraser #Oscar #BestActor https://t.co/5bC3auTCQM
1635501393992712194	AchimSpiegel	2023-03-14 04:41:33+00:00	en	Sorry Dove, but #BrendanFraser deserves this award.
1635401854678073345	Dove	2023-03-13 22:06:01+00:00	en	@KBHeylen Stop giving fat suits awards â€¼ï¸ We want better representation in Hollywood. #LetsChangeBeauty
1635501320210726912	thestruglbus	2023-03-14 04:41:15+00:00	en	@KBHeylen "cast fat actors"  Brendan Fraser IS overweight and has suffered through obesity. Learn something. https://t.co/QsvwUdFm9u
1635500645896667138	thestruglbus	2023-03-14 04:38:34+00:00	en	@Dove @KBHeylen We get it... you need fat people because they use more soap. Brendan Fraser won it for his acting, not for a suit. Which, if the blue-haired weirdo running your account knew anything, Brendan himself suffered from obesity and depression. He was more than qualified.
1635500437918081026	BarryAllanMcGh1	2023-03-14 04:37:45+00:00	en	https://t.co/Ecvvrc1muA Ill be goddamn; he did it..."The Scout," did it. #AlbertBrooks this one is for you. #BrendanFraser #OscarWinner #twitrunderworld #beadvised #200milliondevicesanhour #strong #topofgoogle #InRealTime
1635500433556008961	HeadspaceFilms	2023-03-14 04:37:44+00:00	en	Honestly wasn't fussed on who won what at the oscars...just as long as Brendan Fraser took out best actor. We were both welling up as he made his acceptance speech. So well deserved. #BrendanFraser #Oscars #Oscars2023 #BestActor
1635120042831650817	DiscussingFilm	2023-03-13 03:26:11+00:00	en	#OSCAR WINNER BRENDAN FRASER  â€œSo this is what the multiverse looks like!â€  See the full winners list: https://t.co/W5iOmTPKi2 https://t.co/sin8QXiHwt
1635500258569654274	JrNTR___	2023-03-14 04:37:02+00:00	en	#NTR Is the Top Mentioned Male Actor   at 95th #Oscarsâ€¯â€¯â€¯ #Oscars2023 ğŸ’ªğŸ¼  @tarak9999 #GlobalStarNTR #JrNTR  #ManOfMassesNTR #NTRamaraoJr   Here's the Top 5 mentioned List   1 ) #NTR  2 ) Ramcharan 3 ) Ke Huy Quan 4 ) Brendan Fraser  5 ) Pedro Pascal https://t.co/k7OwhX0orp
1635500242152968193	TSweeze	2023-03-14 04:36:58+00:00	en	Brendan Fraser won the Oscar for Encino Man...fuck what the media is telling you.
1635500125010423809	EliBraden	2023-03-14 04:36:30+00:00	en	Itâ€™s so crazy that Brendan Fraser, Ke Huy Quan, Meryl Streep, Daniel Day-Lewis and Jack Nicholson all starred in Encino Man
1635499893107355650	sprinklejin	2023-03-14 04:35:35+00:00	en	i literally cant stop crying for Brendan Fraser and Ke Huy Quan ğŸ¥¹ğŸ«¶ğŸ¼ like everytime they tear up, my eyes immediately well up. they are the personification of joy ğŸ˜­ğŸ™ğŸ½
1635499867979100160	AsianCharOTD	2023-03-14 04:35:29+00:00	en	@DiscussingFilm THE EEAAO CAST ADOPTING BRENDAN FRASER IS THE HIGHLIGHT OF THIS AWARDS SEASONğŸ˜­â£ï¸ https://t.co/BdOVR1QCK4
1635499648063270912	imthewoat	2023-03-14 04:34:36+00:00	en	Brendan Fraser was incredible in The Whale. Got a couple tears out of your boy ğŸ˜¢
1635499497550667776	rtaylor280	2023-03-14 04:34:00+00:00	en	Actor Brendan Fraser just won his first Academy Award (Best Actor in a Leading Role, â€œThe Whaleâ€) â€” but according to visual effects artist Dave Rand, the â€œEncino Manâ€ star was a â€œrighteous dudeâ€ long before he picked up that little gold statuette.
1635499487492980736	Dhaval4867	2023-03-14 04:33:58+00:00	en	#NTR Is the Top Mentioned Male Actor   at 95th #Oscarsâ€¯â€¯â€¯ #Oscars2023 ğŸ’ªğŸ¼  @tarak9999 #GlobalStarNTR #JrNTR  #ManOfMassesNTR #NTRamaraoJr   Here's the Top 5 mentioned List   1 ) #NTR  2 ) Ramcharan 3 ) Ke Huy Quan 4 ) Brendan Fraser  5 ) Pedro Pascal#Oscars
1635499378684354561	pearlatreides	2023-03-14 04:33:32+00:00	en	Now that Brendan Fraser is finally being recognized for his talents, everyone go watch Gods and Monsters. Its such a good movie ğŸ˜©ğŸ™Œ https://t.co/8O0aorIiiA
1635499243438854144	mediacrooks	2023-03-14 04:33:00+00:00	en	Brendan Fraser just won an Oscar.. But heres one of his unknown movies as an 18 year old top grad student.. with the ever classic Joe Pesci as a homeless beggar genius.. "With Honors"... Its a fantastic movie.. Do watch if you find it.. https://t.co/zPdOQfSEXV
1635498574199881728	bigboysqeet	2023-03-14 04:30:20+00:00	en	relevant. been a brendan fraser fan since day one ğŸ’ª
967050185456148486	bigboysqeet	2018-02-23 14:55:05+00:00	en	i want brendan fraser to know how much i love him
1635498455354228736	Sebacho1597	2023-03-14 04:29:52+00:00	en	@mrbrianrowe My top 5 favorite moments:  5: Lenny Kravitz performance during In Memoriam 4: Ke Huy Quan winning Best Supporting Actor 3: Elizabeth Banks and Cocaine Bear presenting an Oscar 2: 'Naatu Naatu' performance 1: Brendan Fraser winning Best Leading Actor https://t.co/1244KH9z8t
1635498188177301504	furiouseight	2023-03-14 04:28:48+00:00	en	@DisneyPlus put #EncinoMan on your app for #BrendanFraser &amp; #KeHuyQuan winners from the #Oscars
1635498088810020864	KiaGiacom	2023-03-14 04:28:25+00:00	en	Brendan Fraser bags an Oscar for The Whale; wins hearts with his emotional speech. #BrendanFraser #TheWhale #TheMummy #DarrenAronofsky #SamuelHunter #Oscars #95thAcademyAwards2023 https://t.co/SQNRBv86EM
1635498082719727616	ActuallyJosh	2023-03-14 04:28:23+00:00	en	@daverandla In an industry filled with so many shady, self absorbed, self serving people, I have literally never heard a bad story about #BrendanFraser. Even during the time when he was on every magazine cover, every story reflected on his great character. We need more BFâ€™s in this world.
1635499200879415297	joseph7173	2023-03-14 04:32:50+00:00	en	Brendan Fraser Interview - ROD Show, Season 1 Episode 171, 1997 https://t.co/kN18PzMAR5 via @YouTube
1635498031037698049	oscarsclip	2023-03-14 04:28:11+00:00	en	Brendan Fraser, 'The Whale' (Best Actor winner, 2022) #Oscars95 #oscarsclip https://t.co/6ekG5RZhcw
1635498013794746368	LiRedRoulette16	2023-03-14 04:28:07+00:00	en	Continue to voting for Bughead, please! We can do it! â¤ï¸  Click here to vote: â†“  https://t.co/Bk9SwWZDmu  â†‘  #Riverdale (Riverdale)  #ColeSprouse (Cole Sprouse)  #LiliReinhart (Lili Reinhart)  #Oscarsâ€¯â€¯â€¯â€¯â€¯â€¯ #Oscars95â€¯â€¯â€¯â€¯â€¯â€¯ #BrendanFraser (Brendan Fraser) https://t.co/rKs9XU6Dtg
1635497998443765760	GossipsTv	2023-03-14 04:28:03+00:00	en	#Oscars SPECIAL REPORT   Top 5 Mentioned Actresses: 4. #ElizabethOlsen  5. #JamieLeeCurtis   Top 5 Mentioned Actors: 1. #NTR  2. #RamCharan  3. #KeHuyQuan  4. #BrendanFraser  5. #PedroPascal  @GossipsTv @SpyBWood
1635497881711910912	AllEnglandClub	2023-03-14 04:27:35+00:00	en	Starting Brendan Fraser and other Oscar winners. #ImWatching School Ties (1992) #IMDb https://t.co/v35opmXAt2
1635497763927384066	Heathergangster	2023-03-14 04:27:07+00:00	en	I'm expecting @Daniels to make a buddy movie with Ke Huy Quan and Brendan Fraser because.. duh. #movies #EverythingEverywhereAllAtOnce #KeHuyQuan #BrendanFraser #Oscars #Oscars2023
1635497709472829446	Marsupial_Gamer	2023-03-14 04:26:54+00:00	en	@Dove @KBHeylen Excuse me.  Brendan Fraser won an award.  Not his fat suit.  Just keep selling your fat, oil, and alkali.
1635497669111185409	guerotrash	2023-03-14 04:26:45+00:00	en	BRENDAN FRASER DID NOT WIN AN OSCAR FOR BEST ACTOR SO YOU LOT CAN DO THIS TO HIM ğŸ˜­
1635497622801661953	BuckyUnderbelly	2023-03-14 04:26:34+00:00	en	@douglaskoke Same!  I've never rooted so hard for an actor (and movie) to win ... that I haven't even seen yet!  Same with Brendan Fraser.  Really seemed like a night of good people getting to win for a change.  My cynicism took a night off.
1635497570842574848	TheGoalIsSoul	2023-03-14 04:26:21+00:00	en	Well, if @TheAcademy was hoping to blot out last year's Oscars disaster w/ one to remember instead, it was last night's.  We witnessed 2 men, both previously excluded from Hollywood, each have a comeback that won them AN OSCAR.  From 1992 to 2023, Brendan Fraser &amp; Ke Huy Quan â¤ï¸ https://t.co/tPpTwgygJc
1635497392169705474	Adtarie	2023-03-14 04:25:39+00:00	en	Brendan Fraser was my fav childhood hero, the mummy was hilarious, fun, and so much enjoy to watch back then.  Felt like a full circle after he got his first oscar. Couple years back no one heard about him in Hollywood.   Proof that your life can be 180deg difference overnight https://t.co/IEKiyL7x6q
1635497286477422593	sanrihoex	2023-03-14 04:25:13+00:00	en	Me screaming, crying and throwing up because Brendan Fraser got an Oscar and I adore him
1635497127295041536	totaldreamboat	2023-03-14 04:24:35+00:00	en	Have I seen Elvis? No, of course not, but I have a baseless hatred for Austin butler &amp; a reasonable hatred for Elvis presley and his sins &amp; I loved the whale &amp; you're stupid if you didn't, &amp; Brendan Fraser is so talented, &amp; he rightfully earned that oscar.
1635496780560252929	UpgradeUniverse	2023-03-14 04:23:13+00:00	en	@MaxMaaxMaaax So happy for Brendan Fraser for receiving the highest honor he could in Hollywood after being blacklisted and abused by the industry.   He deserves this Oscar and an apology from so many.  Let's celebrate his well-deserved recognition! #BrendanFraser #Oscar
1635496723177938944	decider	2023-03-14 04:22:59+00:00	en	"Iâ€™m grateful to Darren Aronofsky for throwing me a creative lifeline and hauling me aboard the good ship THE WHALE." The theme of Brendan Fraser's #Oscars speech was one of gratitude and surprise: https://t.co/cePmF1zzpg https://t.co/uIwQfvBNmf
1635496391966597120	thestainsports	2023-03-14 04:21:40+00:00	en	@thirst4dodgers I just loathe 90% of celebrities. I saw Brendan Fraser won. He seems like a nice dude so Iâ€™m happy for him. But why would I want to watch an event around ego stroking the already most self-important, egocentric people on the planet? No hate if itâ€™s anyoneâ€™s thing. Just not mine.
1635496360760705024	WhammehBar	2023-03-14 04:21:33+00:00	en	#OOC Brendan Fraser approves of the new Otis! https://t.co/otk6Y6QX3c
1635496360022798336	BHASKAR_NTR1	2023-03-14 04:21:32+00:00	en	#NTR Is the Top Mentioned Male Actor   at 95th #Oscarsâ€¯â€¯â€¯ #Oscars2023 ğŸ’ªğŸ¼  @tarak9999 #GlobalStarNTR #JrNTR  #ManOfMassesNTR #NTRamaraoJr   Here's the Top 5 mentioned List   1 ) #NTR  2 ) Ramcharan 3 ) Ke Huy Quan 4 ) Brendan Fraser  5 ) Pedro Pascal https://t.co/crlzBhVOyy
1635496357120323584	TibLuvr	2023-03-14 04:21:32+00:00	en	@ThisIsNotBenji Get over yourself. It's an amazing movie and Brendan Fraser deserves every award he's won for it.
1635496051929907200	wewantraw	2023-03-14 04:20:19+00:00	en	this Oscars was an apology fare. brendan fraser, ke huy quan, jamie lee curtis.  letâ€™s see if theyâ€™ll give Angela the same apology
1635495841292234752	TheRealConklin	2023-03-14 04:19:29+00:00	en	@kirkhawkins My favorite moments of the night:  -  Lenny Kravitz singing (I have had a MAJOR crush on him for decadesğŸ˜Š).  -  John Travolta being emotional (heâ€™s lost so many women in his life to breast cancer).  - Brendan Fraser winning (after he was no longer â€œhotâ€ he was not hirable).
1635495735469768704	Synergistic	2023-03-14 04:19:04+00:00	en	@nichegamer I'm disappointed Banshees of Inisherin didn't win anything but if it couldn't have been Colin Farrell, I'm glad it was Brendan Fraser.
1635495617832132609	LukahnTheSage	2023-03-14 04:18:35+00:00	en	I'm challenging @DarrenAronofsky to do for @PaulyShore what you did for Mickey Rourke and Brendan Fraser.  @Daniels, you got @SeanAstin? Let's do this! Complete destiny! https://t.co/7jqfrQ1V6W
1635495427171647489	FlowsAndolini	2023-03-14 04:17:50+00:00	en	Him and Brendan Fraser met up backstage too ğŸ¥¹
1635495421610196997	wumboknives	2023-03-14 04:17:49+00:00	en	If yall haven't yet, watch doom patrol brendan Fraser goes soooo hard
1635368785271197696	DiscussingFilm	2023-03-13 19:54:36+00:00	en	Brendan Fraser and Ke Huy Quan with their #Oscars  See the full winners list: https://t.co/b3EnMWMShb https://t.co/ZBAk72ZcqK
1635495371224010753	mursaki9	2023-03-14 04:17:37+00:00	en	@ASovij Boy does that always put a smile on my face. Those meals are always so lovely to look at. The passion fruit looks luscious. I didn't watch the Oscars but I did watch Brendan Fraser's acceptance speech. I was extremely excited.
1635495226893643777	PepperGii	2023-03-14 04:17:02+00:00	en	@BBCWorld Because we can agree on Brendan Fraser, Ke Huy Quan, and movies that tell vibrant stories.
1635495151320563712	EmilySchooley	2023-03-14 04:16:44+00:00	en	I have a lot of belated feelings about #Oscars which I could not watch live because of Life Stuff.  One thing I'll say... never forget that Brendan Fraser was shunned by Hollywood for a long time, for speaking out about a sexual assault.  #FilmTwitter
1635495015089618946	cjbrown22	2023-03-14 04:16:12+00:00	en	I don't care much for award shows and all that stuff. But I'll be damned if I didn't want Brendan Fraser (aka George of the Jungle to me) to win that Oscar last night, and was glad I woke up to find that he did.
1635494594547957762	Big_Money_Mafia	2023-03-14 04:14:32+00:00	en	#BrendanFraser is Rodney Dangerfields sonâ€¦.. guaranteed.
1635494453057036288	vcmarcano	2023-03-14 04:13:58+00:00	en	I liked The Whale &amp; thought Brendan Fraser gave a great performance, I'm rooting for him, he's been through a lot &amp; seems like a genuinely nice guy. to me, a fat lady, this film was more abt depression than fatness.   some of these post Oscars takes are unnecessarily unkind.
1635494316498886658	thesamuelbeez	2023-03-14 04:13:25+00:00	en	Brendan Fraser will star in Martin Scorseseâ€™s Killers of the Flower Moon and Brothers
1635494189281726466	mursaki9	2023-03-14 04:12:55+00:00	en	@CJvotesBLUE I haven't seen it yet. I was almost positive Banshees would take the category though. Just pleased as punch Brendan Fraser was chosen. It was a fantastic surprise. I've been a fan of his for many years.
1635493989724954626	MarianneBossu	2023-03-14 04:12:07+00:00	en	@LauraKRivera Yo iba todo Everything everywhere all at once, Brendan Fraser, y Pinocho. âœŒï¸
1635493758480384001	gigi0958	2023-03-14 04:11:12+00:00	en	@lynette_rizzo @jaysintheghetto Oh me tooâ€¦ 8 Academy nominations and 0 Oscar â€¦thatâ€™s not fairâ€¦ Last year I saw only 2 movies in theaterâ€¦Elvis and Top Gunâ€¦so I canâ€™t tell about Brendan Fraser performance but may be a thigh at least would have been acceptable IMOâ€¦ but Austin is a winner anyway in our hearts
1635493699705774080	NedGilmore	2023-03-14 04:10:58+00:00	en	Brendan Fraser wins best actor for The Mummy (1999)  (I'm sure The Whale is fine but lets be honest here guys)
1635493660082184194	herlihy_f	2023-03-14 04:10:49+00:00	en	Brendan Fraser Opens Up About His Gay, Oscar-Winning The Whale Performance  https://t.co/glXwWV6tDG
1635493602590867456	mursaki9	2023-03-14 04:10:35+00:00	en	@InvestigatorCps Hope you had a great day. It's been interesting noting that there's precious little news about Georgia. At the eame time on a slightly hypocritical note, I sure was smiling when Brendan Fraser won the Oscar.ğŸ˜„
1635493434915012609	iloveujennaayyy	2023-03-14 04:09:55+00:00	en	Since Brendan Fraser is in the spotlight rn can I just remind everyone about one of the most underrated movies of his, Monkeybone https://t.co/DJPEI870nf
1635493369664229381	fcowashps80	2023-03-14 04:09:39+00:00	en	The Whale (2023) Special Feature 'The Apartment' - Brendan Fraser https://t.co/qiiizmafSs via @YouTube
1635493252060069888	unbscwhtgrl	2023-03-14 04:09:11+00:00	en	Okay, more oscars tweets for yall. Brendan Fraser seemed like he really needed that win. Instead of giving my opinion on his acceptance speech, heres a list of movies in his prime:  THE MUMMY!! George of the Jungle Bedazzled Monkeybone Blast From the Past The Mummy Returns
1635493251086942209	ahmad_dashtiiii	2023-03-14 04:09:11+00:00	en	I Knew It!!!! You deserve the Oscar Brendan Fraser.
1635121790161932288	ABC	2023-03-13 03:33:08+00:00	en	â€œSo this is what the multiverse looks likeâ€¦â€  Brendan Fraser accepts the Academy Award for Best Actor for "The Whale.â€  #Oscars #Oscars95 https://t.co/OizA2V2cyr https://t.co/tdV0jNJkQN
1635493172783759360	magic_axisoffl	2023-03-14 04:08:53+00:00	en	Darren Aronofsky has directed two Academy Award winning performances.   â€¢ Natalie Portman (Black Swan, 2010) â€¢ Brendan Fraser (The Whale, 2022)  #MagicAxis #AcademyAwards #natalieportman #BrendanFraser #blackswan #thewhale #Oscars2023 #OscarNominations2023 #OscarsNews https://t.co/DcwnbPht9X
1635493111173357574	JohnDiLillo	2023-03-14 04:08:38+00:00	en	gotta say much love to brendan fraser but the guy from the mummy should not have an oscar before indiana jones does
1635492816792043523	isolatedteddy	2023-03-14 04:07:28+00:00	en	The Whale was incredible. Well deserved award for Brendan Fraser
1635492588131328001	gluppyblippo	2023-03-14 04:06:33+00:00	en	@hiduste I am a Brendan  fraser APPRECIATOR!!!
1635492561287610368	thehex52	2023-03-14 04:06:27+00:00	en	@s33355220 John Leguizamo is a better actor than Brendan Fraser.
1635492476545802243	chrisdsav	2023-03-14 04:06:07+00:00	en	A24 studio cleaned up congrats to all these people and Brendan Fraser from the Whale #TheMummy4
1635374579894874131	NCrystean	2023-03-13 20:17:38+00:00	en	Screaming laughing... so good!  Bravo to all involved.    Was so close to being a part of this production as they came by to look at our offices to use as the location for the tax offices in the movie. ğŸ¬ https://t.co/1ySTbGEcM0
1635492392873623554	erjusinoa	2023-03-14 04:05:47+00:00	en	We need more Brendan Fraserâ€™s in this world!
1635492317015465984	StanSimon9	2023-03-14 04:05:29+00:00	en	@thefatdoctoruk Maybe you shouldnâ€™t have gone after Brendan Fraser? WTF is wrong with you?
1635492257552891905	HAILYESHUA	2023-03-14 04:05:14+00:00	en	@baseballjones18 It was 'awight.  But good for Data from Goonies and Brendan Fraser , who won an award for the same roles they had in the same movie together, Encino Man; Best Actor and Best Supporting Actor ğŸ‘€ğŸ”®
1635492164951068672	davis_maths	2023-03-14 04:04:52+00:00	en	Iâ€™m happy brendan fraser won but how funny would it have been if Austin butler won and did his acceptance speech in this Zoey 101 voice
1635491791334957057	StammerBrendon	2023-03-14 04:03:23+00:00	en	#michelleyeoh_official  #KeHuyQuan  #JamieLeeCurtis  #BrendanFraser  All of you provided some of my favorite performances of 2022 #DanielKwan  #DanielScheinert  #SarahPolley  For succeeding in the best ways.
1635491718144446467	kldmr68501233	2023-03-14 04:03:06+00:00	en	Michelle Yeoh, Brendan Fraser feel the love at Vanity Fair post-OscarsÂ party https://t.co/0hrXokOf5D
1635491672778760194	hatchetfieldd	2023-03-14 04:02:55+00:00	en	@bakedbeansagent idk much about it but like why did they put all that work into making brendan fraser look fat when they couldâ€™ve just cast a fat actor like that doesnâ€™t sit right with me
1635491276807086080	CavyBeans	2023-03-14 04:01:21+00:00	en	Congratulations, #BrendanFraser!  My husband and I cheered when they announced you won.  Best Oscars ever!  So excited for you.
1635491264471629825	DMCMarty	2023-03-14 04:01:18+00:00	en	@jcorriv35 You forgot about Brendan Fraser and Ke Huy Quan!
1635491234511745025	Madhuba46427809	2023-03-14 04:01:10+00:00	en	@TheAcademy austin too deserved it... but happy for BRENDAN FRASER!! Congo
1635491011051831297	futurosanluis	2023-03-14 04:00:17+00:00	es	#LogOut noticias antes de ğŸ˜´ #TrenMaya #WallStreet #BolsaDeValores #Bancos #HBOMax #Discovery #BrendanFraser #Derbez #Oscar #Noticias #SLP #FYP #Reels #ElFuturoEsHoy https://t.co/7RHd8bbTlB
1635490940038311936	PlayGamesMovies	2023-03-14 04:00:00+00:00	en	#Oscar Winner  The Whale Brendan Fraser â€¢ Sadie Sink Apple TV $19.99 https://t.co/MbI53fnm2m #ad #TheWhale #BrendanFraser #SadieSink #obesity #diet #film #a24 #oscars https://t.co/sQjbaS7C7H
1635491368939450368	ManilaTechNerd	2023-03-14 04:01:42+00:00	en	Mariah Careyâ€™s comeback : Brendan Fraserâ€™s comeback
