tweet.id,tweet.user.username,tweet.date,tweet.lang,tweet.rawContent,label,score
1386470014249734145,HonestlyJon,2021-04-25 23:59:45+00:00,en,letting everyone know that if Youn Yuh-jung doesn't win Best Supporting Actress I will flare up into a ball of rage and just as quickly blink out of existence #Oscars,negative,0.7949168682098389
1386469943374356485,reignwomenn,2021-04-25 23:59:28+00:00,en,i'm excited to hear Youn Yuh-Jung's winning speech you guysss,positive,0.9803128838539124
1386469918502174723,banky_I,2021-04-25 23:59:22+00:00,en,Final mental push for Viola Davis and Youn Yuh-jung,neutral,0.7910550236701965
1386469797219602435,JacksonHogan,2021-04-25 23:58:53+00:00,en,Ok here are my last second predictions   Best Picture: Nomadland Director: Chloe Zhao Actress: Carey Mulligan Actor: Chadwick Bozeman Supporting Actress: Youn Yuh-Jung Supporting Actor: Daniel Kaluuya,neutral,0.8632149696350098
1386469761656184838,TheBlackStubs,2021-04-25 23:58:45+00:00,en,#Oscars¬† I‚Äôm late but here are some predictions:  Best picture - #JudasAndTheBlackMessiah  Best lead actor - Chadwick Boseman  Best lead actress - Carey Mulligan  Best supporting actress - Youn Yuh-jung  Best supporting actor - Daniel Kaluuya  Best Director - Chlo√© Zhao,positive,0.513352632522583
1386469648703574019,khalAniTa,2021-04-25 23:58:18+00:00,en,"aww i love them.. Youn Yuh-jung by far is one of my favorite korean actresses.. she has won me so many times over and she reminds me of my grandma, same laid back chill ways.. i miss my grandma",positive,0.9826241135597229
1386444957687287811,GMA,2021-04-25 22:20:11+00:00,en,"Youn Yuh-jung and Han Ye-ri, two stars of the #Oscar nominated movie @minarimovie, talk to @ChrisConnelly ahead of the #Oscars. https://t.co/90nvQUCcXs https://t.co/QIP8CXHfUj",neutral,0.7081333994865417
1386469585956769793,siIverspr1ngs,2021-04-25 23:58:03+00:00,en,Youn Yuh-Jung's look is my favourite so far i think,positive,0.9608027338981628
1386469447544803344,sandrarestrepo,2021-04-25 23:57:30+00:00,en,Rooting for Youn Yuh-Jung tonight ü§û   #Oscars #Minari,positive,0.822259783744812
1386469245530279937,6MattMinton14,2021-04-25 23:56:42+00:00,en,"@hottubtonyfran Nomadland for Picture, Director and Cinematography, Andra Day, Chadwick Boseman, Youn Yuh-Jung, Daniel Kaluuya, Promising Young Woman and The Father for Screenplay",neutral,0.7817527651786804
1386469174583562242,gordonsin,2021-04-25 23:56:25+00:00,en,The #Oscar goes to Grandma(Youn Yuh-jung). https://t.co/HxlUY7G4CU,neutral,0.5702614784240723
1386469145479290880,elephantzae,2021-04-25 23:56:18+00:00,en,"ATRIZ COADJUVANTE  1. Youn Yuh-jung, ""Minari""*** 2. Maria Bakalova, ""Borat Subsequent Moviefilm"" 3. Amanda Seyfried, ""Mank"" 4. Olivia Colman, ""The Father"" 5. Glenn Close, ""Hillbilly Elegy"" https://t.co/pDa2hnX48E",neutral,0.9239745736122131
1386468972065820673,mohdafiq7,2021-04-25 23:55:36+00:00,en,"Minari cast Steven Yeun in Gucci, Alan Kim in Thom Browne, Youn Yuh-Jung in Marmar Halim, Han Yeri https://t.co/QigndF69lt",neutral,0.9202492833137512
1386468913181958150,KellanOlson,2021-04-25 23:55:22+00:00,en,I‚Äôm here for Youn Yuh-Jung,positive,0.6813623905181885
1386468912473116675,ssantokki_12,2021-04-25 23:55:22+00:00,en,Oscar Winner Youn Yuh-jung claiming it!!!,positive,0.8999922275543213
1386461114389569538,etnow,2021-04-25 23:24:23+00:00,en,#Minari's Youn Yuh-jung is radiant on the #Oscars red carpet! ‚ú® https://t.co/tRsfwgbWVh,positive,0.9777206778526306
1386468424365215744,TheBarnChief,2021-04-25 23:53:26+00:00,en,Final 2021 Oscar Predictions MAIN CATEGORIES  Best Picture &amp; Best Director - Nomad / Zhao Best Actress - Carey Mulligan / Promising Young Woman  Best Actor - Chadwick Boseman / Ma Rainey  Supporting Actor &amp; Actress - Daniel Kaluuya / Judas and TBM &amp; Youn Yuh-jung / Minari #Oscars https://t.co/IRwFyQuSY7,neutral,0.6575797200202942
1386468030138421248,samhicks615,2021-04-25 23:51:52+00:00,en,Oscar picks  Actor: Chadwick Actress: Viola Sup actor: Daniel K Sup actress: Youn Yuh-Jung Director: Chloe Animated: Soul Film: Nomadland   #OscarNoms #Oscars #Oscars2021,neutral,0.7876297235488892
1386467701883822084,blntplsn,2021-04-25 23:50:34+00:00,en,YOUN YUH-JUNG TEM QUE LEVAR SUPORTING ACTRESS,neutral,0.822051465511322
1386467624981254146,JKarronATL,2021-04-25 23:50:15+00:00,en,"Watched a bunch of #Oscars nominated movies this week and am as ready as I‚Äôm gonna be for tonight. Expecting an entertaining yet low rated telecast. #Nomadland @chadwickboseman @violadavis Youn Yuh-Jung, Daniel Kaluuya &amp; Chloe Zhao will likely win.",positive,0.9733072519302368
1386467498707488768,sreekyshooter,2021-04-25 23:49:45+00:00,en,Oscar picks (and predictions):  Picture: Minari (Nomadland) Director: Chloe Zhao (Chloe Zhao) Sup. Actress: Youn Yuh-Jung (Youn Yuh-Jung) Sup. Actor: Paul Raci (Daniel Kaluuya) Actress: Viola Davis (Viola Davis) Actor: Hopkins/Ahmed (Chadwick Boseman) #JusticeForDelroyLindo,neutral,0.9452066421508789
1386463425870528512,sreekyshooter,2021-04-25 23:33:34+00:00,en,"My final top 10 of 2020:  1. Minari 2. Quo Vadis, Aida? 3. The Sound of Metal 4. The Father  5. Nomadland 6. Another Round  7. Soul  8. Da 5 Bloods 9. Bacurau 10. Palm Springs",neutral,0.9212696552276611
1386467368889581570,ZacFielding,2021-04-25 23:49:14+00:00,en,Supporting Actress: 1. Youn Yuh-Jung 2. Maria Bakalova = Olivia Colman 4. Amanda Seyfried  5. Glenn Close :/,neutral,0.9244926571846008
1386467362795401217,Miles_Cox,2021-04-25 23:49:13+00:00,en,"Best Supporting Actress - Who Should Win: Youn Yuh-jung (Minari) Who Will Win: Glenn Close (Hillbilly Elegy) I really did not care for Hillbilly Elegy. I like Glenn Close, but I don't want her to win for this movie. (4 of 9)",negative,0.7582295536994934
1386467280972775424,S0veryTIRED,2021-04-25 23:48:53+00:00,en,"I am still willing to fight for #Minari I love that movie, I'll fight Anyone over it! And let's go I wanna see Youn Yuh-Jung get that Oscar baby she Deserves!!!!",positive,0.9743219614028931
1386467241152159751,jcajindos,2021-04-25 23:48:44+00:00,en,#Oscars Predictions: Best Pic: Nomadland Director: Chloe Zhao (Nomadland) Actor: Chadwick Boseman (Ma Rainy‚Äôs) Actress: Carey Mulligan (Promising Young Woman) Supporting Actor: Daniel Kaluuya (Judas &amp; Black Messiah) Supporting Actress: Youn Yuh-jung (Minari),neutral,0.594519317150116
1386467130594537477,JLaurenceCohen,2021-04-25 23:48:17+00:00,en,Director--Chloe Zhao Lead Actress--Viola Davis Lead Actor--Chadwick Boseman Supporting Actress--Youn Yuh-Jung Supporting Actor--Daniel Kaluuya Picture--Nomadland Original screenplay--Lee Isaac Chung Adapted screenplay--Kemp Powers Cinematography--Joshua Richards #Oscars2021,neutral,0.8268420696258545
1386466947655782403,WestonFollower,2021-04-25 23:47:34+00:00,en,"chadwick boseman, viola davis, daniel kaluuya, and youn yuh-jung all coming for their oscars tonight ü§ûüèª",positive,0.8588175773620605
1386466876595834882,NagaiKai,2021-04-25 23:47:17+00:00,en,Best supporting Actress  K: Maria Bakalova D: Youn yuh-Jung  Best Supporting Actor K: Daniel Kaluuya D: Daniel  Best Original Screenplay K: Sorkin D: Emerald Frenell    Best Adapted K: The Father D: The Father,positive,0.6366387605667114
1386466388487909377,ceronika_,2021-04-25 23:45:20+00:00,en,YES MISS YOUN YUH-JUNG,positive,0.833777904510498
1386463450046418944,its_willyu,2021-04-25 23:33:40+00:00,en,It‚Äôs the #Minari family for me. #Oscars https://t.co/SqRPgQbWEy,positive,0.9306766986846924
1386466226248077313,AngelReynoso12,2021-04-25 23:44:42+00:00,en,Predicciones Oscars 2021 (en base a gusto personal): - Best film: Judas and the Black Messiah - Best director: David Fincher (Mank) - Best actor: Chadwick Boseman - Best actress: Vanessa Kirby - Best supporting actor: LaKeith Stanfield - Best supporting actress: Youn Yuh-jung,positive,0.7174022793769836
1386465940397826054,Smalledd,2021-04-25 23:43:34+00:00,en,"No one cares, but here are what I think will win at the Oscars tonight. Best picture - Nomadland Best Actor - Chadwick Boseman Actress - Carey Mulligan S Actor - Daniel Kaluuya S Actress - Youn Yuh-jung Director - Chloe Zhao SPlay - Promising Young Woman AdaptedSP - The Father",positive,0.6729320883750916
1386465889793499142,thlonelyisland,2021-04-25 23:43:22+00:00,en,youn yuh-jung pls she deserves to win tn,positive,0.8759762644767761
1386465868037558276,robinkoretsky,2021-04-25 23:43:16+00:00,en,"@JoyAnnReid Yes, watching ..... cuz that's what I do every year. However haven't seen many of the films which were nominated. One movie I did see was ""Minari"" - hoping that Youn Yuh-jung  (played role of Grandma) will win #AcademyAward for Best Supporting Actress.",positive,0.5375362634658813
1386465416843833346,EndrewFaray,2021-04-25 23:41:29+00:00,en,Melhor Atriz Coadjuvante - Youn Yuh-jung - Minari  #AcademyAwards #Oscars #Oscars2021,neutral,0.8303115963935852
1386465308894978058,atomicwick,2021-04-25 23:41:03+00:00,en,I choose to believe that Glenn Close came out tonight only to celebrate Youn Yuh-jung's win. Ma'am did not have to come for her 8th loss. https://t.co/OeU4QlMggX,neutral,0.5990355014801025
1386465200312832000,Grimmer_John,2021-04-25 23:40:37+00:00,en,I'm a clown and didn't watch everything. Buuut.... SOUND OF METAL Chlo√© Zhao Riz Ahmed Viola Davis Kaluuya/Stanfield/Raci  Youn Yuh-jung (Only seen one of the movies and it wasn't even this one but whoop I trust people) SOUND OF METAL NOMADLAND (only one I saw lol) WOLFWALKERS,neutral,0.6036866307258606
1386465132922953733,TalkFilmSoc,2021-04-25 23:40:21+00:00,en,two things i'm excited for: -WEST SIDE STORY trailer -Youn Yuh-jung's acceptance speech #Oscars,positive,0.9875853061676025
1386465087397969921,brokebacklikeme,2021-04-25 23:40:10+00:00,en,maria bakalova tutar sagdiyev fancam edit Borat subsequent moviefilm 2020 #Oscars bulgaria academy award nominee best supporting actress role outstanding winner minari Amanda Seyfried Mank Olivia Colman the father Youn Yuh-jung Glenn Close Hillbilly elegy https://t.co/Xvyu0aoquy,positive,0.5164928436279297
1386464986894147585,RealSwellFellow,2021-04-25 23:39:46+00:00,en,"Best Picture - Trial of Chicago 7 Actress in a Supporting Role - Youn Yuh-jung, ""Minari"" Actor in a Supporting Role - Paul Raci Foreign Language Film - Another Round Documentary (Short) - Do Not Split Documentary (Feature) - Crip Camp",neutral,0.6354378461837769
1386464940022800385,MatthewTaylorMN,2021-04-25 23:39:35+00:00,en,#Oscars Predictions:  Best Picture: Nomadland (My favorite film of 2020) Best Actor: Chadwick Boseman Best Actress: Carey Mulligan Best Director: Chlo√© Zhao Supporting Actor: Daniel Kaluuya Supporting Actress: Youn Yuh-jung,positive,0.9378737211227417
1386464601521467394,glasshill,2021-04-25 23:38:14+00:00,en,"Best Supporting Actor, Paul Ravi, Actress, Youn Yuh-jung (sorry Glenn Close!). #Oscars2021",positive,0.825873851776123
1386464531111563264,AreaPerson,2021-04-25 23:37:58+00:00,en,@LibraryTech415 Pockets and the dress is still elegant!  I hope Youn Yuh-jung wins.  She was actually born in North Korea.,positive,0.96198970079422
1386464481916620808,atomicwick,2021-04-25 23:37:46+00:00,en,"Glenn Close and Youn Yuh-jung! Please, my heart can't handle this!!! https://t.co/orTCGEa2a0",positive,0.4097253680229187
1386464455731646466,brokebacklikeme,2021-04-25 23:37:40+00:00,en,maria bakalova tutar sagdiyev fancam edit Borat subsequent moviefilm 2020 woliner bulgaria academy award nominee best supporting actress role outstanding winner minari Amanda Seyfried Mank Olivia Colman the father Youn Yuh-jung Glenn Close Hillbilly elegy https://t.co/Xvyu0aoquy,positive,0.5082582831382751
1386464048737308679,MaxDirty,2021-04-25 23:36:03+00:00,en,"#Oscars2021 #OscarNoGloboplay Minhas apostas pras principais categorias Filme: Sound of Metal Filme E: Quo Vadis, Aida? Diretor: David Fincher Ator P: Gary Oldman Atriz P: Viola Davis Ator C: Lakeith Stanfield Atriz C: Youn Yuh-jung Roteiro O: Sound of Metal Roteiro A: The Father",neutral,0.8868785500526428
1386463976465240067,Genderbeitrag,2021-04-25 23:35:45+00:00,en,‚ÄúDo you think the Oscars are getting more divers?‚Äú ‚ÄûWe don‚Äòt know yet.‚Äú Youn Yuh-jung nagelt Steven mit 4 W√∂rtern an die Wand. #Oscars #WidenTheScreen,neutral,0.9331796169281006
1386463746172899336,_joseclopez,2021-04-25 23:34:50+00:00,en,Lakeith! Youn Yuh-jung! Carey! Names! Names! Fashion! Glamour!,neutral,0.6925703883171082
1386463433290362883,madj808,2021-04-25 23:33:36+00:00,en,Youn Yuh-jung,neutral,0.8390327095985413
1386463273642598402,tayloharry,2021-04-25 23:32:58+00:00,en,soltar meu bol√£o aqui pra colocar ‚úÖ depois   best supporting actor: daniel kaluuya best supporting actress: youn yuh-jung best leading actress: viola davis  best leading actor: chadwick boseman best director: chloe zhao best picture: nomadland,positive,0.5209702253341675
1386463073356054528,AndreaJiher,2021-04-25 23:32:10+00:00,en,@Variety Youn Yuh-jung saying that there is no way to come ahead of Glenn Close when she is the real deal makes me her to win even more!!,positive,0.8681795001029968
1386462964614582272,ianamurray,2021-04-25 23:31:44+00:00,en,ugh i‚Äôm trying not to be mad all night but could alex zane not have learned how to pronounce youn yuh-jung‚Äôs name üôÉ,negative,0.8774843215942383
1386462752194113538,MandaAiley,2021-04-25 23:30:54+00:00,en,#Oscars Predictions part 3 Supporting Actress-Youn Yuh-jung Supporting Actor-Daniel Kaluuya Best Actress-Carey Mulligan Actor-Chadwick Boseman Director-Chlo√© Zhao Best Picture-Nomadland,neutral,0.741814911365509
1386462686028910597,Lousy_ana,2021-04-25 23:30:38+00:00,en,Who I THINK will win Best Picture: Nomadland Actor:  Chadwick Boseman Actress: Andra Day Supporting Actor: Leslie Odom Jr or Daniel Kaluuya Supporting Actress: Youn Yuh-jung or Maria Bakalova Director: Chloe Zhao Original Screenplay:  trial of Chicago 7 Adapted Screenplay: Borat,neutral,0.6355534791946411
1386462477177835529,renzistweeting,2021-04-25 23:29:48+00:00,en,Oscar winner Youn Yuh-jung so true ü§© #Oscars,positive,0.9797360897064209
1386462436585185280,stephibug,2021-04-25 23:29:38+00:00,en,@cmclymer Just watched Minari last night and Youn Yuh-jung is my new favorite. Paul Raci is probably one of the only possible spoilers to Daniel Kaluuya.,positive,0.7995680570602417
1386462410563784704,alyxmuldowney,2021-04-25 23:29:32+00:00,en,My big 4 Oscar predictions:  Best Actor: Chadwick Boseman Best Actress: Carey Mulligan Supporting Actor: Daniel Kaluuya Supporting Actress: Youn Yuh-Jung,positive,0.5149040222167969
1386461801957707777,TB_Times,2021-04-25 23:27:07+00:00,en,"Actress Youn Yuh-jung says her real life experiences as a South Korean immigrant in St. Pete informed her Oscar-nominated performance in ""Minari."" https://t.co/LVA9oiEfii",neutral,0.7652400135993958
1386461521815871488,ClickySound,2021-04-25 23:26:00+00:00,en,"https://t.co/3kxJe1dMFK Sometimes, luckily, real life does not imitate art.  Minari star Youn Yuh-jung hit the Oscars red carpet ahead o... https://t.co/kslEkXBf0c",positive,0.648888111114502
1386461402643238923,SamLibby13,2021-04-25 23:25:32+00:00,en,Best Supporting Actress:  Maria Bakalova - Borat Subsequent Moviefilm Olivia Cooke - Sound of Metal Youn Yuh-Jung - Minari Amanda Seyfried - Mank Toni Collette - I‚Äôm Thinking of Ending Things  Should Win: Amanda Seyfried   Will Win: Youn Yuh-Jung,neutral,0.659052848815918
1386461387971497985,chowleen,2021-04-25 23:25:28+00:00,en,Cheering for Youn Yuh-jung tonight #Oscars2021 @MinariMovie,positive,0.908917248249054
1371495138065793025,chowleen,2021-03-15 16:14:56+00:00,en,"The one and only. Youn Yuh-jung, #Oscars nominee @MinariMovie https://t.co/d3j0ApycDG",positive,0.7471343278884888
1386461082655498241,bethsaaa,2021-04-25 23:24:15+00:00,en,"my faves for tonight are andra day, riz ahmed, youn yuh-jung and daniel kaluuya",positive,0.9489007592201233
1386460860432871426,jaradcliff,2021-04-25 23:23:22+00:00,en,And now for who I think will actually win tonight at the #Oscars   Director: Chlo√© Zhao Actor: Chadwick Boseman Actress: Viola Davis S. Actor: Daniel Kaluuya S. Actress: Youn Yuh-jung SP: The Trial of the Chicago 7 Adapted SP: The Father  Best Picture: Nomadland,positive,0.5740115642547607
1386460859111665671,jaradcliff,2021-04-25 23:23:22+00:00,en,Since I can‚Äôt vote for the #Oscars I‚Äôll just list who I would‚Äôve picked (1/2):  Director: Chlo√© Zhao Actor: Anthony Hopkins Actress: Carey Mulligan S. Actor: Daniel Kaluuya S. Actress: Youn Yuh-jung SP: The Trial of the Chicago 7 Adapted SP: The Father Best Picture: Minari,neutral,0.846684992313385
1386460829067919364,metaljohnradio,2021-04-25 23:23:15+00:00,en,"It‚Äôs #Oscars Night !  The only award show I watch every year.   I‚Äôm pulling for #Nomadland  to pick up a lot of wins. Especially writer/ director Chlo√© Zhao !  For acting .. Im rooting for Riz Ahmed, Carey Mulligan , Sacha Baron Cohen, &amp; Youn Yuh-jung.",positive,0.9823795557022095
1386460789209395200,BAMOK,2021-04-25 23:23:06+00:00,en,Love seeing #Minari's Youn Yuh-jung's big smile on the #Oscars2021 #redcarpet #Oscars #AcademyAwards #Oklahomafilm #OkieFilm #OkieWood https://t.co/VFcaRQw0Zn,positive,0.9696967601776123
1386460719772835840,cmclymer,2021-04-25 23:22:49+00:00,en,"Mine:  Best Pic -- ""Minari"" Best Director -- Chlo√© Zhao Best Actor -- Chadwick Boseman Best Actress - Viola Davis Best Supporting Actor -- Paul Raci Best Supporting Actress -- Youn Yuh-jung Original Screenplay -- ""Sound of Metal"" Adapted -- ""One Night in Miami...""  #Oscars2021",positive,0.7198207378387451
1386460692803371011,thedavich,2021-04-25 23:22:43+00:00,en,Youn Yuh-jung for Best Supporting Actress or we riot #Oscars,neutral,0.6626531481742859
1386460418252496901,pjmgem,2021-04-25 23:21:37+00:00,en,"It‚Äôs Oscar day, which means Youn Yuh-jung is getting her Oscar today. And Chloe Zhao will win the best director Oscar. Let‚Äôs go asian women!   https://t.co/p0EbxK1Rdb",positive,0.9775639176368713
1386459845788901388,thenamesnotray,2021-04-25 23:19:21+00:00,en,For what it's worth #Oscar predictions:   Film: Nomadland  Actor: Chadwick Boseman (spoiler: Hopkins) Actress: Viola Davis (spoiler: Day or Mulligan)  Supporting Actor: Daniel Kaluuya  Supporting Actress: Youn Yuh-jung   #AcademyAwards,neutral,0.8487532138824463
1386459443236380676,DavidFady74,2021-04-25 23:17:45+00:00,en,Best Actor in a Supporting Role: Daniel Kaluuya (Judas and the black Messiah) Or Sacha Baron (The Trial of Chicago 7).  Best Actress in a Supporting Role: Youn yuh-jung (Minari).,neutral,0.6463190913200378
1386459385346600963,badpostclose,2021-04-25 23:17:31+00:00,en,Glenn Close and Youn Yuh-Jung meeting at the red carpet  #Oscars https://t.co/EE99GTv7gl,neutral,0.8256863355636597
1386459295450030080,TimeRoverr,2021-04-25 23:17:09+00:00,en,@_jordanathomas_ She dressed for defeat cause she knows she‚Äôs about to get rolled by youn yuh-jung,neutral,0.5290595293045044
1386459169356750849,MartinKSmith,2021-04-25 23:16:39+00:00,en,"Best Supporting Actress:  Youn Yuh-jung  (or Glenn Close, as a 'sorry we didn't give you one before' award)",neutral,0.5566450953483582
1386459169021218820,CarrieCnh12,2021-04-25 23:16:39+00:00,en,"I don't know if it was planned, but Youn Yuh-jung and Han Ye-ri'e dresses compliment eachother really well. And Youn Yuh-jung's has pockets, that's always a win. #Oscars https://t.co/g9g6vZ2rTy",positive,0.9601861834526062
1386459080475119620,ST_LifeTweets,2021-04-25 23:16:18+00:00,en,Youn Yuh-jung and Han Ye-ri of Minari arrive on the #Oscars red carpet! https://t.co/PBkZgT7NsT,neutral,0.5817106366157532
1386458927802593286,OvernightSiren,2021-04-25 23:15:42+00:00,en,üèÜBEST SUPPORTING ACTRESSüèÜ SHOULD BE: Olivia Coleman (The Father) or Youn Yuh-jung (Minari) WILL BE: Glenn Close (Hillbilly Elegy),neutral,0.531885027885437
1386458925772443651,KikiMioBS,2021-04-25 23:15:41+00:00,en,Youn Yuh-jung de Marmar Halim no #Oscars https://t.co/GDFezYkrum,neutral,0.8650935292243958
1386458739549433860,abbimireille,2021-04-25 23:14:57+00:00,en,#OscarBallot Film: Minari  Actress: Carey Mulligan Supp Actress: Youn Yuh-Jung Animated: Over the Moon L-A Short: White Eye Director: Chloe Zhao Supp Actor: Paul Raci Actor: Anthony Hopkins or Riz Ahmed Adapted S-play: F. Zeller &amp; C. Hampton Orig S-play: L. I. Chung or E. Fennell https://t.co/SfPSmLj05R,neutral,0.9113681316375732
1386458573887135748,cdpibaque,2021-04-25 23:14:17+00:00,en,Best Supporting Actor: Daniel Kaluuya  Best Supporting Actress: Youn Yuh-jung Best Adapted Screenplay: The Father Best Original Screenplay: Promising Young Woman https://t.co/xbOUffkcgu,positive,0.8166950345039368
1386458217958477824,enews,2021-04-25 23:12:52+00:00,en,"Minari Star Youn Yuh-jung Confirms Her Real Grandson Has Never Given Her a Cup of ""Mountain Dew"" https://t.co/qZQdZcpQYm",neutral,0.7712048292160034
1386457761370624000,1_d1t,2021-04-25 23:11:04+00:00,en,"Minari Star Youn Yuh-jung Confirms Her Real Grandson Has Never Given Her a Cup of ""Mountain Dew"" https://t.co/flKtZdoZ6R",neutral,0.7528123259544373
1386457278254039040,ado0odi,2021-04-25 23:09:08+00:00,en,OSCARS PREDICTIONS:  Picture: Nomadland Actress: Viola Davis Actor: Chadwick Boseman Supp. Actress: Youn Yuh-jung Supp. Actor: Daniel Kaluuya Director: Chlo√© Zhao Orihinal Screenplay: Promising Young Woman Adapted Screenplay: Nomadland Cinematography: Mank Original Score: Minari,neutral,0.9346094727516174
1386456932089696258,Gayer_Than_Thou,2021-04-25 23:07:46+00:00,en,My predictions for the acting categories: Best Actress: Viola Davis or Frances McDormand Best Supporting Actress: Youn Yuh-jung Best Actor: Chadwick Boseman Best Supporting Actor: Daniel Kaluuya  #Oscars,neutral,0.5087699890136719
1386456615600152576,kara_reads_,2021-04-25 23:06:30+00:00,en,"Unsurprisingly, I want Youn Yuh-jung's dress! POCKETS.",positive,0.6819292902946472
1386445710669713408,EW,2021-04-25 22:23:10+00:00,en,#Minari's Youn Yuh-jung and Han Ye-ri have arrived! üòç#Oscars   üì∑:  Chris Pizzelo-Pool/Getty Images https://t.co/utx1K8gYBm,positive,0.9515151381492615
1386456381595729925,voguesfetish,2021-04-25 23:05:35+00:00,en,Minari üåæ I had such a good time watching it. No drama or significant events but still cute and fun. Youn Yuh-Jung deserves to win Best Supporting Actress tonight. üôåüèÜ https://t.co/j5BrteKXPh,positive,0.9864930510520935
1386456172841115656,dutibernardes,2021-04-25 23:04:45+00:00,en,The #Oscars are just less than an hour away. Here are my predictions  PICTURE: Nomadland DIRECTOR: Chlo√© Zhao ACTOR: Chadwick Boseman ACTRESS: Carey Mulligan SUPPORTING ACTOR: Daniel Kaluuya SUPPORTING ACTRESS: Youn Yuh-jung ORIGINAL SCREENPLAY: Promising Young Woman  (1/4),neutral,0.6733566522598267
1386456025012785156,people,2021-04-25 23:04:10+00:00,en,Minari's¬†Youn Yuh-jung Says Her First Oscars Experience Is 'Exciting and Very Strange'‚Äã  https://t.co/P60AHfmex7,positive,0.5993902087211609
1386455986341253126,Twheater2,2021-04-25 23:04:00+00:00,en,Minari's Youn Yuh-jung and Han Ye-ri arrive at the #Oscars. https://t.co/6pdETFyDDN,neutral,0.7896544337272644
1386455901729660930,4029news,2021-04-25 23:03:40+00:00,en,"Youn Yuh-jung and Han Ye-ri from ""Minari"" are looking great on the Red Carpet! https://t.co/tUXDiRn8Yt  #Oscars #Minari https://t.co/aVp6pK0eTI",positive,0.9802199006080627
1386455781847994368,VanityFair,2021-04-25 23:03:12+00:00,en,Minari's Youn Yuh-jung and Han Ye-ri arrive at the #Oscars. https://t.co/D3HayDVr1B,neutral,0.8137436509132385
1386455359829647361,TheWrap,2021-04-25 23:01:31+00:00,en,#Minari star Youn Yuh-Jung walks the #OscarsRedCarpet with the cutest big pockets.  Check out more of the night's boldest looks here: https://t.co/vwKR9DBxly  üì∏ photo source: Getty Images https://t.co/dt1Hn1DIh5,positive,0.9366142749786377
1386454951820464135,AtoZ_Payton,2021-04-25 22:59:54+00:00,en,My Oscar picks for tonight:  Best Picture: Judas And The Black Messiah Best Actor: Riz Ahmed Best Actress: Carey Mulligan  Supporting Actor: Daniel Kaluuya Supporting Actress: Youn Yuh-Jung  Although I predict Nomadland wins everything because the Academy loves that kinda stuff.,positive,0.7592483162879944
1386454822128340997,fakebabylamb,2021-04-25 22:59:23+00:00,en,"my dream winners list... youn yuh-jung, daniel kaluuya, chadwick boseman, and VANESSA KIRBY let's goooo",positive,0.9444667100906372
1386454229682884608,BenWeiner27,2021-04-25 22:57:02+00:00,en,Supporting Actor: Daniel Kaluuya Supporting Actress: Youn Yuh-jung Animated Feature: Soul International Feature: Another Round üá©üá∞ Documentary: My Octopus Teacher Documentary Short: A Love Song for Latasha Live Action Short: Two Distant Strangers,neutral,0.8424596190452576
1386454187387523072,mauriciormcf,2021-04-25 22:56:52+00:00,en,#OscarsPredictions Best Picture: Nomadland Best Director: Chlo√© Zhao Best Actor: Riz Ahmed Best Actress: Carey Mulligan Best Supporting Actor: Daniel Kaluuya Best Suporting Actress: Youn Yuh-jung Original Screenplay: Promising Young Woman Adapted Screenplay: Nomadland  #Oscars,neutral,0.5549914240837097
1386453528697196544,nicoleanticona,2021-04-25 22:54:14+00:00,en,YOUN YUH-JUNG HAS TO WIN BEST SUPPORTING ACTRESS. THERE‚ÄôS NOTHING I‚ÄôVE BEEN MORE SURE OF IN MY LIIIIFE PLEASE. please.,positive,0.9624266624450684
1386453413475491844,mateogeovanny,2021-04-25 22:53:47+00:00,en,"Youn Yuh-jung is nominated tonight for Best Supporting Actress for her touching work as an unconventional grandma. Soon-ja cusses, watches wrestling, and can‚Äôt cook OR bake cookies. But what she does have a wealth of love and patience, especially for her grandson David ‚ù§Ô∏èü•∫ https://t.co/11Musrm9Ys",positive,0.8646019697189331
1386453403526643714,CasaDupre,2021-04-25 22:53:45+00:00,en,Youn Yuh-jung (ft Han Ye-ri) in a lovely quilted number. I know it‚Äôs soft as hell.  #Oscars https://t.co/JYri4QbIdc,positive,0.9370004534721375
1386453304142712838,keithdumpit,2021-04-25 22:53:21+00:00,en,Future Academy Award Winner Youn Yuh-jung,positive,0.5603370070457458
1386446301164752900,FilmUpdates,2021-04-25 22:25:31+00:00,en,Academy Award nominee Youn Yuh-jung #Oscars https://t.co/0ycaVWrtZ5,positive,0.5069819688796997
1386452813463629836,sidprescxtt,2021-04-25 22:51:24+00:00,en,se a youn yuh-jung ganhar best supporting actress eu vou dormir feliz,neutral,0.6904762983322144
1386452216094003202,kirbysjolie,2021-04-25 22:49:02+00:00,en,academy award winner youn yuh-jung #Oscars,positive,0.7253763675689697
1386452168132157442,SoDakotaBella,2021-04-25 22:48:50+00:00,en,"Will not be able to watch it #Oscars but Promising Young Woman, Nomadland, The Father were my favs movies of the year!   Youn Yuh-jung for best supporting actress, Carey or Vanessa for best actress, Chloe Zhao for best director, Florian Zeller, Husavik and Drunk are in my heartüíó",positive,0.9643903970718384
1386451810332909570,EvanMints,2021-04-25 22:47:25+00:00,en,@heyrubyjune Nothing would say ‚Äúplease take us seriously‚Äù like awarding a performance simultaneously up for a Razzie Award. Hopefully Youn Yuh-jung has won in a landslide (and also the Hail Mary of Minari winning Best Picture comes to pass) but I‚Äôm already getting ready for disappointment,negative,0.5881394147872925
1386451782679687169,samtwyfordmoore,2021-04-25 22:47:18+00:00,en,@mlchaelsun nomadland lost me when frances mac pooped in that bucket. disgusting!   ready for Youn Yuh-jung's speech either way https://t.co/ASGndBYCJ8,negative,0.8966968655586243
1386450965201657857,bluefinchs,2021-04-25 22:44:03+00:00,en,youn yuh-jung winner da noite estou aqui por vc,neutral,0.8152859807014465
1386450900164644870,EugeneLeeYang,2021-04-25 22:43:48+00:00,en,"Wishing Youn Yuh-jung an especially wonderful, unforgettable, and golden evening. ‚ù§Ô∏è https://t.co/Uf7JNXxjyT",positive,0.9860944747924805
1386450732258373640,evanmgoodrich,2021-04-25 22:43:08+00:00,en,Okay my FINAL Oscar predictions:  Best pic: Nomadland Director: Chlo√© Zhao Actor: Chadwick Boseman Actress: Carey Mulligan  Supporting actor: Daniel Kaluuya Supporting actress: Youn Yuh-jung Original screenplay: Minari Adapted screenplay: Nomadland,neutral,0.7045184373855591
1386450559562027015,LoQueYoTeDiga,2021-04-25 22:42:27+00:00,en,#Oscars2021 Youn Yuh-jung y Glenn Close https://t.co/L4pa56fSuX,neutral,0.7247431874275208
1386450312156827654,al_cunque,2021-04-25 22:41:28+00:00,en,Con que ganen Anthony Hopkins y Youn Yuh-jung me vale ü§ûüèΩü§ûüèΩ,neutral,0.6409488916397095
1386449819108089859,atomicdunne,2021-04-25 22:39:30+00:00,en,youn yuh-jung oscar winner,neutral,0.5812498927116394
1386449798056738822,usatodaylife,2021-04-25 22:39:25+00:00,en,Youn Yuh-jung is killing it on the #Oscars red carpet. https://t.co/SQ23n4UxN3  üì∏: AP https://t.co/OGAYOBh263,positive,0.9625934362411499
1386449765605552135,InStyle,2021-04-25 22:39:17+00:00,en,#Minari stars Youn Yuh-jung and Han Ye-ri look absolutely beautiful tonight #Oscars https://t.co/8Zsa4e9nxP,positive,0.9754881858825684
1386449742318628869,dimestorecowboi,2021-04-25 22:39:12+00:00,en,"since the Oscars are today, here are my final predictions:  Best Picture: Nomadland Director: Chlo√© Zhao Actor: Chadwick Boseman Actress: Carey Mulligan Supp Actor: Daniel Kaluuya Supp Actress: Youn Yuh-jung",neutral,0.729786217212677
1386449567693119493,tanner_bethan,2021-04-25 22:38:30+00:00,en,"Best Supporting Actor - Daniel Kaluuya, Judas and the Black Messiah  Best Supporting Actress - Youn Yuh-jung",positive,0.6356526613235474
1386449479172165632,JennaGuillaume,2021-04-25 22:38:09+00:00,en,Youn Yuh-jung and Han Ye-ri are just üòçüòç  #Oscars https://t.co/oy0YCoHQXn,positive,0.9742082357406616
1386449452303585285,Game_Blouses_,2021-04-25 22:38:03+00:00,en,Best actress Carey Mulligan Best actor Riz Ahmed Best supporting Daniel Kaluuya and  Youn Yuh-jung Director Chloe Zhao Best original promising young woman Best adapted nomadland,positive,0.8767728805541992
1386449267426988032,goss_ie,2021-04-25 22:37:18+00:00,en,Minari star Youn Yuh-jung on the #Oscars red carpet ü§© https://t.co/OLiGB9tagg,positive,0.9586280584335327
1386449180051218433,babny002,2021-04-25 22:36:58+00:00,en,My Oscar Predictions this year  Director Chloe Zhao (Nomadland)   Picture Nomadland  Actor Chadwick Boseman (Ms Rainey's..)   Supporting Actor Paul Racci (Sound of Metal)  Actress Viola Davies (Ms Rainey's... )   Supporting Actress Youn Yuh-jung (Minari),neutral,0.9126241207122803
1386449039370035202,finalgirljenn,2021-04-25 22:36:24+00:00,en,when youn yuh-jung wins for best supporting actress then you all will see !!!,positive,0.8103460073471069
1386448924207157251,kdramahuman,2021-04-25 22:35:57+00:00,en,Look how beautiful they are. Supporting our Korean Queens üëë #Minari stars Youn Yuh-jung and Yeri Han walk the #Oscars¬† carpet in black and red https://t.co/mnZgYFLdgI,positive,0.9795461297035217
1386448903860416517,serathegamble,2021-04-25 22:35:52+00:00,en,I think about Youn Yuh-jung‚Äôs performance conservatively 2 to 6 times a day. Mostly because it is perfect.,positive,0.9416765570640564
1386448695927914496,michelanuit,2021-04-25 22:35:02+00:00,en,Mis predicciones de los Oscar :  Actor - Anthony Hopkins or Riz Ahmed  Actress - Viola Davis or Carey Mulligan  Supporting actor - Daniel Kaluuya or Paul Raci  Supporting actress - Glenn Close or Youn Yuh-Jung,neutral,0.932581901550293
1386448625245605898,RicBerlakovich,2021-04-25 22:34:45+00:00,en,Youn Yuh-Jung ü§© #Oscars https://t.co/siZjT86GWR,positive,0.9711612462997437
1386448568983048194,mrjohnnyandrews,2021-04-25 22:34:32+00:00,en,Best Actress: Frances McDormand (Carey Mulligan) Best Supporting Actor: Paul Raci (Paul Raci) Best Supporting Actress: Youn Yuh-jung (Youn Yuh-jung) Best Original Screenplay: The Trial Of The Chicago 7 (Promising Young Woman)  #Oscars #Oscars2021 #AcademyAwards2021,positive,0.6668573021888733
1386448499349221377,Straffo,2021-04-25 22:34:15+00:00,en,Sound of Metal Chloe Zhao Anthony Hopkins/Riz Ahmed Frances McDormand Paul Raci Youn Yuh-jung  This is how the big six #Oscars should go toady.,neutral,0.7960996031761169
1386448445477724165,mekishana,2021-04-25 22:34:03+00:00,en,"Youn Yuh-jung and Han Ye-ri are giving me so much life with their looks. I immediately wanted to yell ""POCKETS"" b/c we all know how those instantly elevate any look, but both the cut &amp; color of these dresses fit them SO well. Also, SKIN üòç https://t.co/go3IFrYfyc",positive,0.9770348072052002
1386448299587031040,NazmulH99197849,2021-04-25 22:33:28+00:00,en,Academy Award nominee Youn Yuh-jung #Oscars  https://t.co/mwpdGccRmZ https://t.co/C0HhEwqy22,positive,0.5080041289329529
1386448224613978112,VogueRunway,2021-04-25 22:33:10+00:00,en,Youn Yuh-jung and Han Ye-ri have arrived at the 2021 #Oscars. See more of tonight's red carpet looks: https://t.co/VdetiSrliP https://t.co/6Dl1yYBiJk,neutral,0.5730282068252563
1386448054014914568,laestatuilla,2021-04-25 22:32:29+00:00,en,GLENN CLOSE y YOUN YUH-JUNG #Oscars https://t.co/yQloysQLCH,neutral,0.7272588610649109
1386447819393884160,RobbyKronemeyer,2021-04-25 22:31:33+00:00,en,Best Supporting Actress Will Win: Youn Yuh-jung - Minari Should Win: Amanda Seyfried - Mank Although I will love the Youn win since she's a legend finally getting her due.,positive,0.9238544702529907
1386447786254557184,colianders,2021-04-25 22:31:25+00:00,en,@kylebuchanan Youn Yuh-jung!,neutral,0.7674744725227356
1386447698602065920,tranwreckkkkk,2021-04-25 22:31:04+00:00,en,Karamo casually breezing through ‚ÄúStop Asian Hate‚Äù and then went straight back to how beautiful Han Ye-Ri and Youn Yuh-jung‚Äôs Oscars looks were was *UNCOMFORTABLE*,positive,0.42600777745246887
1386447661398732802,haeinwook,2021-04-25 22:30:56+00:00,en,bol√£o Oscar  minari: best film Riz Ahmed: best actor Viola Davis: best actress youn Yuh-jung: atriz coadjuvante the white tiger: roteiro adaptado  the trial of chicago 7: roteiro original mulan: costume design   a love song for latasha: short doc  Lee Isaac Chung: best director,positive,0.7467289566993713
1386447574035542020,_textmedia,2021-04-25 22:30:35+00:00,en,Beautiful #Oscars #Minari Youn Yuh-jung &amp; Yeri Han üé•üëåüèº https://t.co/Ckvh0BWGTV,positive,0.978251576423645
1386447514413502469,HelloCanada,2021-04-25 22:30:21+00:00,en,Youn Yuh-jung + Han Ye-ri of #Minari hit the #Oscars red carpet together looking super stylish https://t.co/hgPLIpyFYk,positive,0.9497292637825012
1386447395353923585,mrwillw,2021-04-25 22:29:52+00:00,en,"Probable Supporting Actress winner Youn Yuh-Jung of Minari on differences between her character and real life: ""I'm not living with my grandson. And he wouldn't give me a cup of 'Mountain Dew'."". OMG. She kills me. #Oscars https://t.co/m5GWphGZ9v",neutral,0.3891424238681793
1386447348759465994,redcherrydream,2021-04-25 22:29:41+00:00,en,The queen Youn Yuh-jung has arrived üòç #Oscars,positive,0.9730938673019409
1386444396581715969,FilmUpdates,2021-04-25 22:17:57+00:00,en,#Minari stars Youn Yuh-jung &amp; Han Ye-ri have arrived at the #Oscars red carpet https://t.co/4IS746kBGJ,neutral,0.6846149563789368
1386447248243007491,FilmInquiry,2021-04-25 22:29:17+00:00,en,#Oscars #Minari already winning the evening! Youn Yuh-jung on the Red Carpet! https://t.co/QYwk0ikw3g,positive,0.9613280296325684
1386447175123623939,SectionFoot,2021-04-25 22:29:00+00:00,en,MEILLEURE ACTRICE DANS UN SECOND ROLE  Mon favori : Glenn CLOSE ‚Äì Hillbilly Elegy  Mon prono : YOUN Yuh-jung - Minari https://t.co/dFrIkPQarl,neutral,0.9067240953445435
1386447013064036352,chrisycram,2021-04-25 22:28:21+00:00,en,I need to know about this beautiful quilted navy gown that Youn Yuh-jung is owning the #ERedCarpet with!#Oscars #whoareyouwearing,positive,0.9048073887825012
1386446672088100867,_TJKC_,2021-04-25 22:27:00+00:00,en,#Oscars Best Supporting Actress Odds  ‚Ä¢ Youn Yuh-jung 83.3% ‚Ä¢ Maria Bakalova 21.1% ‚Ä¢ Glenn Close 9.1% ‚Ä¢ Olivia Colman 4.8% ‚Ä¢ Amanda Seyfried 2.9%,neutral,0.846596896648407
1386446647966699520,Okpuma,2021-04-25 22:26:54+00:00,en,Actress - Viola Davis (my young curveball) Director - Chloe Zhao Supp Actor - Daniel Kaluuya (100%) Supp Actress - Youn Yuh-jung Ori Screenplay - Promising Young Woman Ada Screenplay - The Father Animated - Soul (my most certain bet) Score - Soul Song - Husavik,neutral,0.8304315209388733
1386446439694454784,MatthewParker75,2021-04-25 22:26:04+00:00,en,Youn Yuh-Jung just said ‚Äúpiss‚Äù on the red carpet. Love her. #Oscars,positive,0.9290434122085571
1386446375391432706,briasoboojie,2021-04-25 22:25:49+00:00,en,Youn Yuh-jung and Han Yeri were so good in Minari #LiveFromE #Oscars,positive,0.9609335660934448
1386446190552698886,celebitchy,2021-04-25 22:25:05+00:00,en,Youn Yuh-jung and Han Ye-ri said that they became like a family while living together filming Minari ü•∫,positive,0.7214658856391907
1386446119387889667,rzjkive,2021-04-25 22:24:48+00:00,en,they‚Äôre so beautiful i can‚Äôt wait for youn yuh-jung to win tonight,positive,0.9893903136253357
1386446096621359105,JordanGPittman,2021-04-25 22:24:43+00:00,en,I‚Äôm kinda obsessed with Youn Yuh-jung üòç #Oscars,positive,0.9728975892066956
1386446079164440577,guybranum,2021-04-25 22:24:38+00:00,en,Truly I want nothing more than to watch Youn Yuh-Jung do bits all night long.,positive,0.8075131177902222
1386446047283748884,ArrobaNerd,2021-04-25 22:24:31+00:00,en,Youn Yuh-jung e Han Ye-ri #Minari üì∏ Chris Pizzelo/PMC #Oscars #OscarNoArrobaNerd https://t.co/bklg6dqX8n,neutral,0.8853951096534729
1386445898427863048,itsmearabrady,2021-04-25 22:23:55+00:00,en,E! has white person fumbled Youn Yuh-jung all goddamn night she‚Äôs a nominee you absolute morons #Oscars,negative,0.9179436564445496
1386445791468924930,yaac43ffy,2021-04-25 22:23:30+00:00,en,Can they stop labeling Youn Yuh-jung ‚Äúthe Korean Meryl Streep‚Äù #Oscars,negative,0.6537711024284363
1386445743259627521,GettyVIP,2021-04-25 22:23:18+00:00,en,Youn Yuh-jung of @MinariMovie attends the 93rd Annual Academy Awards at Union Station in Los Angeles  More üì∏ #AcademyAwards üëâ https://t.co/PivgPxjhhZ #Oscars #oscars2021 #AcademyAwards2021 #YounYuhjung #Minari https://t.co/KPGQZJfTAT,neutral,0.6321625709533691
1386445727505727490,GeeksOfColor,2021-04-25 22:23:15+00:00,en,Youn Yuh-jung and Han Ye-ri on the #Oscars red carpet. https://t.co/t6gzz6PAV4,neutral,0.7051511406898499
1386445652016521217,PaigeCatton,2021-04-25 22:22:57+00:00,en,There's a good chance I'll tear up when Youn Yuh-jung makes HISTORY when she WINS her Oscar. #Oscars2021,positive,0.9498119354248047
1386440887371112448,Variety,2021-04-25 22:04:01+00:00,en,#Minari stars Youn Yuh-jung and Yeri Han walk the #Oscars carpet in black and red.   See all of the fashion highlights from tonight: https://t.co/JneW40MCl0 https://t.co/teu8FSZMNy,neutral,0.7026079297065735
1386445554335498241,digitalspy,2021-04-25 22:22:33+00:00,en,Stars of #Minari Youn Yuh-jung (nominated for Best Supporting Actress) and Han Ye-ri üëë #Oscars https://t.co/WzlrqqJ0Uo,positive,0.826839804649353
1386445381354074116,Jbrodess,2021-04-25 22:21:52+00:00,en,"The Oscars can be dumb ‚Äî but I still like celebrating movies!  Here was my favorite work from 2020:  - Paul Raci (Sound of Metal) - Wunmi Mosaku (His House) - Youn Yuh-jung (Minari) - Kelly O‚ÄôSullivan (Screenplay, Saint Frances) - Joshua James Richards (Cinematography, Nomadland)",positive,0.913946807384491
1386445242342199296,ianamurray,2021-04-25 22:21:19+00:00,en,the fact that youn yuh-jung is actually there oh no i really am gonna cry buckets,positive,0.4476430118083954
1386445234020696065,nicky_santoso,2021-04-25 22:21:17+00:00,en,youn yuh-jung coming for that oscar tonight!! &lt;3,positive,0.9496367573738098
1386445092223807492,TheNerdsofColor,2021-04-25 22:20:43+00:00,en,Our favorites Youn Yuh-jung and Yeri Han #Oscars #minari https://t.co/lGm6QC4J1u,positive,0.8921231627464294
1386445037500784644,CARZENIK,2021-04-25 22:20:30+00:00,en,‚ú® Que Youn Yuh-jung se gane el oscar ‚ú®,positive,0.6320732235908508
1386445004042821636,Talitaduvanel,2021-04-25 22:20:22+00:00,en,Amo vestido com bolso. Amei a Youn Yuh-jung #Oscars   üì∏Getty Images https://t.co/STjvzfDi8A,neutral,0.8351268768310547
1386444909067046923,Koupakeur,2021-04-25 22:19:59+00:00,en,"J'ai vot√©...I voted...Prkbgm üíõ... and of course for             üåüYoun Yuh-Jungüåü @BOGUMMY ,tonight I won't sleep... I am in L.A in front of my TV.                              ‚úå https://t.co/XzDQdsKsx6",positive,0.6917890310287476
1386444815978561536,gvnegirll,2021-04-25 22:19:37+00:00,en,"i think it will go like this: nomadland best picture, chadwick best actor, daniel kaluuya best supporting actor, youn yuh-jung best supporting actress, carey mulligan best actress, chlo√© zhao best director (as she should)",positive,0.8786493539810181
1386442835717545985,JEONSGUCCl,2021-04-25 22:11:45+00:00,en,"minari best picture, steven yeun best actor, daniel kaluuya best supporting actor, frances mcdormand best actress, youn yuh-jung best supporting actress, chloe zhao best director https://t.co/sD9xCq33Ov",positive,0.8445388674736023
1386444759506460674,DrMatthewSweet,2021-04-25 22:19:24+00:00,en,If Youn Yuh-jung doesn't win an Oscar tonight I'm going to be grumpy all week. https://t.co/hfO8sS8FMm,negative,0.884911060333252
1386444541721522180,sickmarried,2021-04-25 22:18:32+00:00,en,YOUN YUH-JUNG TODAY'S WINNER SO TRUE,positive,0.8927027583122253
1386444328319557635,BehindTheBR,2021-04-25 22:17:41+00:00,in,Youn Yuh-jung e Yeri Han no #Oscars. https://t.co/QJ7Gw5J4mQ,neutral,0.8946075439453125
1386444304378253312,aguirreryan,2021-04-25 22:17:35+00:00,en,"Future Oscar winner Youn Yuh-Jung and Yeri Han, we are in the presence of such ASIAN EXCELLENCE!!!! üèÜüèÜüèÜ #Oscars https://t.co/f8FjY4OmAH",positive,0.9739344120025635
1386444283226451969,gomezzgalore,2021-04-25 22:17:30+00:00,en,‚ÄòMinari‚Äô stars Youn Yuh-jung and Yeri Han looking stunning at the #Oscars¬† red carpet #Oscars2021 https://t.co/wgUdXrumbZ,positive,0.9663928747177124
1386444256768897031,micafffffff,2021-04-25 22:17:24+00:00,en,@DiscussingFilm Minari star Yeri Han and future Oscar winner Youn Yuh-jung**,neutral,0.7370091080665588
1386444200087068675,MidasMisery,2021-04-25 22:17:10+00:00,en,üïØÔ∏è Oscar Winner Youn Yuh-jung üïØÔ∏è,neutral,0.5255275964736938
1386443480315084801,JosphineMamdouh,2021-04-25 22:14:19+00:00,in,Minari stars Youn Yuh-jung &amp; Han Ye-ri #Oscars https://t.co/ZrNN2o2fbp,neutral,0.6826642155647278
1386444137088569346,frazbelina,2021-04-25 22:16:55+00:00,en,Youn Yuh-jung and Han Ye-ri! Thrilled they‚Äôre both in attendance. #Oscars https://t.co/5uVtGpMvOY,positive,0.9872612953186035
1386443904199790592,kboldens,2021-04-25 22:16:00+00:00,en,"(sound of metal esp riz would be cool too)(i never got around to the father)(nomadland was good but was it bp good? idk. directing, yes)(viola or carey toss up imo)(youn yuh-jung always)",positive,0.8325260877609253
1386443873556258816,thegoodolddais,2021-04-25 22:15:52+00:00,en,Youn Yuh-Jung and Han Ye-Ri are STUNNING  also that quilted dress!!! I'm officially calling thick textiles a trend. #Oscars https://t.co/O4yZUhquhM,positive,0.9598458409309387
1386443593527840768,makhondlovu,2021-04-25 22:14:46+00:00,en,At 73 year‚Äôs old Youn Yuh-jung could make history tonight. First Korean actress to be nominated for Best Supporting Actress ‚Äì and maybe the first to win it!‚ú® #Oscars,positive,0.962956428527832
1386443578969309185,i_am_karchies,2021-04-25 22:14:42+00:00,en,Supporting actress - Youn Yuh-jung(preference - Glenn Close)  Best international film - Another round  Best animation - soul Best original screenplay - (preference - trial of the Chicago 7) Adapted screenplay - Nomadland (preference - white tiger),positive,0.9043305516242981
1386443491329253380,GoEunJo,2021-04-25 22:14:21+00:00,en,Oscars predictions  Picture-Nomadland Actor-Chadwick Boseman Actress-Viola Davis  International- Another Round Supporting Actress-Youn Yuh-jung Animated -Soul Director-Chloe Zhao Supporting Actor-Paul Raci O Screenplay-Chicago 7 A Screenplay-One Night in Miami Cinematography-Mank https://t.co/IUoMwS0zSm,neutral,0.9063439965248108
1386443135681667073,TooFab,2021-04-25 22:12:57+00:00,en,#Minari stars Han Ye-ri &amp; Youn Yuh-jung just arrived to the 2021 #Oscars https://t.co/O6eBvvvLi7 https://t.co/F5hpyCGiqw,neutral,0.6749932169914246
1386442978084917252,ItsTeeCee11,2021-04-25 22:12:19+00:00,en,Can‚Äôt wait to see you win Youn Yuh-jung üôå,positive,0.983024001121521
1386442669820370944,scooperhoops,2021-04-25 22:11:06+00:00,en,"Okay here are my Oscar preferences (not predictions) in some key categories (1/2):   Supporting Actor: Paul Raci (Sound of Metal) Supporting Actress: Youn Yuh-jung (Minari) Cinematography: Nomadland Best International: Quo Vadis, Aida? Best Documentary: The Mole Agent",neutral,0.8074207901954651
1386442660295057409,LMCooper,2021-04-25 22:11:03+00:00,en,Oscars predictions  Picture-Nomadland Actor-Chadwick Boseman Actress-Viola Davis  International- Another Round Supporting Actress-Youn Yuh-jung Animated -Soul Director-Chloe Zhao Supporting Actor-Paul Raci O Screenplay-Chicago 7 A Screenplay-One Night in Miami Cinematography-Mank,neutral,0.8981360793113708
1386442566443413515,Ram0n86,2021-04-25 22:10:41+00:00,en,Actrice Bijrol: Youn Yuh-jung (Minari) Internationale Film: Another Round Animatiefilm: Soul Bewerkte Scenario: Nomadland Originele Scenario: Promising Young Woman Cinematografie: Nomadland Productiedesign: Mank Documentaire: My Octopus Teacher Montage: Sound of Metal (2/4),neutral,0.9125178456306458
1386442006453395457,maggnetas,2021-04-25 22:08:27+00:00,en,I love the silhouette of Youn Yuh-jung‚Äôs dress. And Han Ye-ri looks stunning! https://t.co/Nl237mDNUH,positive,0.9845654368400574
1386441978078928896,alexiafedz,2021-04-25 22:08:21+00:00,en,@kylebuchanan best supporting actress for Youn Yuh-jung. Loveeee her,positive,0.9727919697761536
1386441766639968264,JimEagle47,2021-04-25 22:07:30+00:00,en,"#Oscars¬† #Oscars2021 #AcademyAwards My picks:  Best Picture-The Father  Best Actor-Anthony Hopkins, The Father  Best Actress-Vanessa Kirby, Pieces of a Woman  Best Supporting Actor-Daniel Kaluuya, Judas and the Black Messiah  Best Supporting Actress-Youn Yuh-jung, Minari",positive,0.657692551612854
1386441717570670595,AartiKuverPhD,2021-04-25 22:07:18+00:00,en,@Variety I want Youn Yuh-jung‚Äôs dress.,neutral,0.6263630390167236
1386441696850980864,Showboat7,2021-04-25 22:07:14+00:00,en,Youn Yuh-jung of ‚ÄòMinari‚Äô credits St. Pete experience for Oscar-nominated role https://t.co/1Rs9DIKxgu,neutral,0.8222268223762512
1386441589875122177,TheNerdsofColor,2021-04-25 22:06:48+00:00,en,Youn Yuh-jung and Yeri Han are at the #Oscars #minari https://t.co/Dd0NjRQOwr,neutral,0.8206562399864197
1386441409448742913,sknolle,2021-04-25 22:06:05+00:00,en,It looks like Youn Yuh-jung's dress has pockets!,positive,0.6131092309951782
1386441106624106496,moaz_hazem99,2021-04-25 22:04:53+00:00,en,ŸÅŸÇÿ±ÿ© ŸÉŸÑ ÿ≥ŸÜÿ©  Best actor: Chadwick Boseman Best supporting actor: Daniel Kaluuya Best actress: Frances Mcdormand Best supporting actress: Youn Yuh-jung Best picture: Nomadland Best director: Chloe Zhao,neutral,0.5297756195068359
1386440355470450692,josepao179,2021-04-25 22:01:54+00:00,en,@EonlineLatino Youn Yuh-jung ü§û,neutral,0.7262879014015198
1386439991488917505,kelly_pxng,2021-04-25 22:00:27+00:00,en,going to bed now but i better wake up and see youn yuh-jung with an oscar and chlo√© zhao with her historic best director oscar ü§ûüèºü§ûüèº,positive,0.8647854328155518
1386439975080665088,travellingsoot,2021-04-25 22:00:23+00:00,en,JUST SAW A SPLIT SECOND OF YOUN YUH-JUNG AND HAN YERI TOGETHER ON THE RED CARPET I'M HYPERVENTILATING https://t.co/MRISqTE2AV,positive,0.951782763004303
1386439835288756224,lmaia,2021-04-25 21:59:50+00:00,en,"Actress in a Supporting Role  Who will win: Youn Yuh-Jung Who I think should win: I'm prepared  to believe that Youn Yuh-Jung should win this award, but I haven't seen Minari. Ellen Burstyn should've received at least a nomination for Pieces of a Woman",positive,0.6920309662818909
1386439686311141376,inaman195,2021-04-25 21:59:14+00:00,en,Youn Yuh-jung will win Best Supporting Actor for Minari.,positive,0.6387192010879517
1386439086605430784,avecdevouement,2021-04-25 21:56:51+00:00,en,üïØÔ∏è sound of metal riz ahmed frances mcdormand youn yuh-jung y daniel kaluuya üïØÔ∏è,neutral,0.9190042018890381
1386438973648744451,MickiMaynard,2021-04-25 21:56:24+00:00,en,My #AcademyAwards wish is that as many awards as possible go to @MinariMovie. I especially want our @steveyeun to win and I would love to see Youn Yuh-jung win.,positive,0.9693776965141296
1386438115938607105,DanGreentree,2021-04-25 21:53:00+00:00,en,OSCAR PREDICTIONS:  Best Picture - Nomadland Actor - Chadwick Boseman Actress - Frances McDormand Int Feature - Another Round Orig Song - Speak Now Sup Actress - Youn Yuh-jung Live Short - The Present Animated - Onward Doc Feature - My Octopus Teacher Director - Chlo√© Zhao,neutral,0.6904069781303406
1386437549992779780,edd_gosbender,2021-04-25 21:50:45+00:00,en,"If Youn Yuh-jung wins and ends up becoming Minari's only #Oscars, it'll mark the 7th year in a row that Supporting Actress is the sole award for the movie in question.",positive,0.5180059671401978
1386437519617626113,ryeguy427,2021-04-25 21:50:38+00:00,en,Oscar Predictions: Best Original Screenplay: Promising Young Woman Best Adapted: Nomandland Best Supporting Actress: Youn Yuh-jung Best Supporting Actor: Daniel Kaluuya Best Actor: Anthony Hopkins Best Actress: Viola Davis Best Director: David Fincher,positive,0.6764946579933167
1386437443495202818,bwtryz,2021-04-25 21:50:19+00:00,en,Best Picture: the father Best Director: chloe zhao Actor in a Leading Role: chadwick boseman Actress in a Leading Role: frances mcdormand Actor in a Supporting Role: daniel kaluuya Actress in a Supporting Role: youn yuh-jung,positive,0.7709219455718994
1385011112580501507,FilmUpdates,2021-04-21 23:22:36+00:00,en,What would your #Oscars ballot look like?  Best Picture:  Best Director: Actor in a Leading Role: Actress in a Leading Role: Actor in a Supporting Role:   Actress in a Supporting Role: https://t.co/sev9ca8u2q,neutral,0.7965221405029297
1386437389812445185,katieisafilmfan,2021-04-25 21:50:07+00:00,en,Best Supporting Actress  Olivia Colman #TheFather - https://t.co/J0wmsLVilw  Amanda Seyfried #Mank - https://t.co/o6w9oVHZFd  Youn Yuh-jung #Minari - https://t.co/GDhjq6t0as https://t.co/KHw2Guc2wq,positive,0.7727465629577637
1386437251215675393,damatthemovies,2021-04-25 21:49:34+00:00,en,"Supporting Actress Will Win: Youn Yuh-jung Could Win: Amanda Seyfried Should Win: Amanda Seyfried Should‚Äôve Been Here: Han Ye-ri (Minari)  Seyfried was the best think about Mank, but Youn Yuh-jung has all the momentum.",positive,0.7479701638221741
1386435972997521408,keithlivesinCT,2021-04-25 21:44:29+00:00,en,Lock it in:  Nomadland best pic Carey Mulligan best actress Chadwick Boseman best actor Youn Yuh-jung for sup actress Daniel Kaluuya for sup actor Chloe Zhao for director.  #Oscars2021 #Oscars,positive,0.6282777786254883
1386435934070067201,lostalleycat,2021-04-25 21:44:20+00:00,en,Manifesting:  Minari or Nomadland for Best Picture Chlo√© Zhao for Best Directing Carey Mulligan for Best Actress Youn Yuh-jung for Best Supporting Actress  #Oscars,positive,0.5347154140472412
1386435914583400462,westniallviruss,2021-04-25 21:44:15+00:00,en,why has E! completely missed talking about Steven Yeun &amp; Youn Yuh-jung for their actor &amp; supporting actress coverage? I wonder why that is ü§î #Oscars,neutral,0.6009299159049988
1386435523229765635,wyldek,2021-04-25 21:42:42+00:00,en,Supporting Actress - Youn Yuh-Jung Supporting Actor - Daniel Kaluuya Best Animated  - SOUL Best Screenplay - Emerald Fennell - Promising Young Woman Best Original Song - Husavik‚Äì Eurovision Song Contest: The Story of Fire Saga Costume &amp; Best Hair/Makeup - Ma Rainey's Black Bottom,positive,0.7337164878845215
1386435478241513474,aceeeiou,2021-04-25 21:42:31+00:00,en,I'm rooting for Queen Youn Yuh-jung. let's gooooo #Oscars https://t.co/DbcpWQbo2d,positive,0.9786649346351624
1386435122761588738,I_Zebz,2021-04-25 21:41:06+00:00,en,Best Supporting Actor - Daniel Kaluuya my man. You've had enough time to prepare your speech üòÇ   Best Supporting Actress - Youn Yuh-jung. Minari shouldn't go empty handed. #Oscars,positive,0.838001012802124
1386435036572909568,outpour,2021-04-25 21:40:46+00:00,en,Oscar pre-show erasure of Youn Yuh-jung‚Äôs work with Hong Sang-soo of course üòë,negative,0.580447256565094
1386434366872555520,imajikataa,2021-04-25 21:38:06+00:00,en,I‚Äôm rooting for Youn Yuh-Jung to win the #Oscars!!! https://t.co/0bvPO2IUIp,positive,0.9805005788803101
1386434186953707525,Nora_Mermaid,2021-04-25 21:37:23+00:00,en,"For Best Supporting Actress, my pick is Youn Yuh-jung for Minari. #Oscars https://t.co/XudRdY3ynx",positive,0.6732814908027649
1386433708777873410,ohtonyboy,2021-04-25 21:35:29+00:00,en,#oscars  high hopesü§ûüèª  picture: nomadland director: chlo√© zhao actor: riz ahmed actress: viola davis supporting actor: paul raci supporting actress: youn yuh-jung animated feature film: wolfwalkers sound: sound of metal cinematography: nomadland visual effects: tenet ‚ú®,positive,0.9650464057922363
1386433213464150020,ElijahMurlor,2021-04-25 21:33:31+00:00,en,Best Supporting Actress:  1. Olivia Colman - The Father 2. Youn Yuh-jung - Minari  3. Amanda Seyfried - Mank 4. Maria Bakalova - Borat Subsequent  5. Glenn Close - Hillbilly Elegy  #Oscars,neutral,0.6018009781837463
1386432664970809345,ImmortalCritic,2021-04-25 21:31:20+00:00,en,"initially billed at Colman vs Close part deux, it appears both have sunk with each passing week, allowing Yuh-jung to become just the second Asian to win this award (Miyoshi Umeki, 1957)...  will win: Youn Yuh-jung should win: Youn Yuh-jung  #TheOscars",neutral,0.7919438481330872
1386432378843799555,danwoo6,2021-04-25 21:30:12+00:00,en,@VickyBurrows I hope they follow BAFTA and give it Youn Yuh-jung,neutral,0.8205663561820984
1386431559142576132,blakeells,2021-04-25 21:26:57+00:00,en,"Didn‚Äôt have time to do a full #TheAcadamyAwards post, so here goes:  NOMADLAND Chadwick Boseman Viola Davis Daniel Kaluuya Youn Yuh-jung Chloe Zhao  But also won‚Äôt be surprised if MANK sweeps the awards show for Hollywood movies.",neutral,0.5765493512153625
1386431129524215808,itsmearabrady,2021-04-25 21:25:14+00:00,en,People on E! mispronouncing Daniel Kaluuya and forgetting Youn Yuh-Jung was a nominee is so pre-pandemic I had to sit down from how dizzy I got,negative,0.7623429298400879
1386430493047107587,Kaelladislau,2021-04-25 21:22:42+00:00,en,ATRIZ COADJUVANTE Youn Yuh-jung Olivia Colman Maria Bakalova Amanda Seyfried Glenn Close,neutral,0.7634878754615784
1386430233973194756,ImmortalCritic,2021-04-25 21:21:41+00:00,en,"SUPPORT ACTRESS: for the first time since 2007 there is no clear favourite but Youn Yuh-jung has emerged in the past couple of weeks, seemingly cutting Glenn Close's hopes off...the last 4 wins though have gone to acting veterans  #TheOscars",neutral,0.6379836201667786
1386429296642756608,Flavioalbertocv,2021-04-25 21:17:57+00:00,en,academy winner youn yuh-jung ü§óü§ó,positive,0.9646371603012085
1386428771914248193,ianamurray,2021-04-25 21:15:52+00:00,en,just the thought of youn yuh-jung winning makes me tear up i‚Äôm gonna be a wreck if it actually happens https://t.co/4cnYqck7uu,positive,0.3587356507778168
1386428016503365634,iamkushparmar,2021-04-25 21:12:52+00:00,en,Best Supporting Actor: Daniel Kaluuya Best Supporting Actress: Youn Yuh-Jung Best Adapted Screenplay: The Father  Best Original Screenplay: The Trial Of The Chicago 7 or Minari Best International Feature film: Another Round  Best Animated film: Soul,positive,0.6842222213745117
1386427803340398595,paula10br,2021-04-25 21:12:01+00:00,en,"Youn Yuh-jung‚Äôs opinion on Kim Go-eun &gt;&gt;&gt;&gt;&gt;&gt;&gt;&gt;&gt;&gt;&gt;&gt;&gt;&gt;&gt;&gt; opinion of oimc,haters,any sort of tasteless,jealous losers ü§∑üèª‚Äç‚ôÄÔ∏è‚ú®",neutral,0.5194290280342102
1386187306638319617,shilzzOnly,2021-04-25 05:16:22+00:00,en,"Legendary, veteran, well known Award Winning actress YounYuhJung: ""I requested her (Kimgoeun) to the Director because i like her in Eungyo"" #KimGoEun #9YearsWithGgone",positive,0.8381010890007019
1386427743693271042,p_mirallesr,2021-04-25 21:11:47+00:00,en,@CanvidePla 1 Nomadland 2 Zoe 3 Carey Mulligan  4 Anthony Hopkins 5 Promising Young Woman 6 One Night in Miami 7 Lakeith Stanfield 8 Youn Yuh-jung #OSCARSCdP,neutral,0.8892362117767334
1386427576671817731,DavidAmoyal,2021-04-25 21:11:07+00:00,en,"Best Supporting Actor: should win Paul Raci for ‚ÄúSound of Metal‚Äù, will win Daniel Kaluuya for ‚ÄúJudas and Black Messiah‚Äù  Best Supporting Actress: should win Amanda Seyfried for ‚ÄúMank‚Äù, will win Youn Yuh-jung for ‚ÄúMinari‚Äù   #Oscars",positive,0.6314191222190857
1386427563933790210,boothe_shaun,2021-04-25 21:11:04+00:00,en,I'll go ahead and make my #Oscars predictions.  BP: Nomadland Actor: Chadwick Boseman Actress: Vanessa Kirby Supp Actress: Youn Yuh-jung Supp Actor: Paul Raci Dir: Chloe Zhao Ori Scr: Minari Adptd Scr: Nomadland Visual: Tenet (PLEASE) Cine: Nomadland Editing: The Father  (1/2),neutral,0.8782651424407959
1386427464293896192,HisAirnessFan45,2021-04-25 21:10:40+00:00,en,I think Youn Yuh-Jung should win best Supporting actress.#Oscars,positive,0.7829532623291016
1386427378994348032,louisvirtel,2021-04-25 21:10:20+00:00,en,The only thing that bothers me about this year‚Äôs Oscars is agreeing with so much conventional wisdom. Nomadland is gorgeous. The Father is immaculate. Sound of Metal great. I‚Äôm trying to be contrarian about something and all I‚Äôm coming up with is ‚ÄúYoun Yuh-jung could do standup.‚Äù,negative,0.7186048030853271
1386426110473244676,mw_callahan,2021-04-25 21:05:17+00:00,en,"If Youn Yuh-jung doesn‚Äôt win Best Supporting Actress, we riot #Oscars",negative,0.7407189011573792
1386425260010921992,myownprivateswt,2021-04-25 21:01:55+00:00,en,best supporting actress:  minha torcida √© toda da youn yuh-jung e amanda seyfried. https://t.co/uD9654Ad1p,positive,0.7496545910835266
